australia,australian-capital,new-south-wales,northern-territory,queensland,south-australia-,tasmania,victoria,western-australia
australian-capital,canberra,albury,alice-springs,atherton,adelaide,austins-ferry,anglesea,albany
new-south-wales,belconnen,applecross,alyangula,ayr,adelaide-hills,beaconsfield,apollo-bay,armadale
northern-territory,macquarie,armidale,darwin,biloela,aldgate,beauty-point,ararat,attadale
queensland,macarthur,ballina,fannie-bay,blackwater,aldinga,bellerive,bacchus-marsh,augusta
south-australia-,,banora-point,katherine,bongaree,angaston,berriedale,bairnsdale,australind
tasmania,,batemans-bay,larrakeyah,bowen,angle-vale,blackmans-bay,ballarat,bassendean
victoria,,bega,leanyer,brisbane,ardrossan,bridgewater,beaconsfield-upper,bedfordale
western-australia,,bellevue-hill,ludmilla,buderim,athelstone,bridport,benalla,bellevue
,,bellingen,mcminns-lagoon,bundaberg,balaklava,burnie,bendigo,bentley
,,belmont,nhulunbuy,burpengary,balhannah,cambridge,bentleigh,beverley
,,bensville,nightcliff,caboolture,barmera,claremont,blairgowrie,bicton
,,beresfield,palmerston,cairns,beaumont,cygnet,broadmeadows,boulder
,,berkeley,parap,caloundra,bedford-park,deloraine,brunswick,boyanup
,,berkeley-vale,port-keats,carindale,belair,devonport,caroline-springs,boyup-brook
,,bermagui,stuart-park,charters-towers,berri,evandale,castlemaine,bridgetown
,,berowra,tennant-creek,cleveland,birdwood,franklin,clifton-springs,broome
,,berridale,,coolum-beach,birkenhead,geeveston,colac,bullsbrook
,,berrigan,,dalby,blackwood,george-town,cowes,bunbury
,,berry,,deception-bay,blair-athol,glenorchy,craigieburn,burswood
,,bexley,,emerald,bordertown,goodwood,cranbourne,busselton
,,bilambil,,gatton,bridgewater,granton,darch,byford
,,bingara,,gayndah,brighton,hobart,east-melbourne,canning-vale
,,blackheath,,gladstone,callington,howrah,echuca,cannington
,,blacktown,,gold-coast,campbelltown,huonville,ferntree-gully,capel
,,blackwall,,gympie,ceduna,invermay,frankston-east,carnarvon
,,blair-athol,,home-hill,cheltenham,kettering,geelong,caversham
,,blakehurst,,ingham,clapham,kingston,geelong-west,chidlow
,,blaxland,,innisfail,clare,kingston-beach,greensborough,claremont
,,blayney,,kingaroy,cleve,latrobe,hamilton,clarkson
,,boambee,,kuranda,coober-pedy,lauderdale,hastings,collie
,,boggabilla,,logan,coromandel-valley,launceston,healesville,como
,,boggabri,,mackay,crafers,lindisfarne,heyfield,coogee
,,bolwarra,,magnetic-island,craigburn-farm,longford,hoppers-crossing,cottesloe
,,bomaderry,,main-beach,crystal-brook,lutana,horsham,cunderdin
,,bombala,,mareeba,cummins,margate,kyabram,currambine
,,bondi,,margate,darlington,mayfield,lakes-entrance,dalkeith
,,bonnet-bay,,maryborough,elizabeth,moonah,lara,dampier
,,bonville,,mooloolaba,encounter-bay,new-norfolk,leopold,darlington
,,booker-bay,,moranbah,enfield,new-town,mansfield,denmark
,,boorowa,,morayfield,findon,newnham,maryborough,derby
,,botany,,mount-isa,freeling,newstead,melbourne,dongara
,,bourke,,nambour,fullarton,old-beach,melton,donnybrook
,,bowenfels,,nerang,gawler,penguin,mildura,dunsborough
,,bowral,,noosa-heads,gilles-plains,perth,moama,east-fremantle
,,bowraville,,oxenford,glenelg,port-sorell,moe,eaton
,,braidwood,,palm-cove,golden-grove,queenstown,montrose,erskine
,,branxton,,port-douglas,goolwa,rokeby,mornington,esperance
,,brewarrina,,port-kennedy,grange,rosebery,morwell,fremantle
,,brighton-le-sands,,rainbow-beach,gumeracha,saint-helens,mount-beauty,geraldton
,,bringelly,,ravenshoe,hackham,sandford,mulgrave,glen-iris
,,broken-hill,,red-hill,hahndorf,sandy-bay,north-brighton,gooseberry-hill
,,bronte,,redland-bay,happy-valley,scottsdale,north-melbourne,gosnells
,,brookvale,,redlynch,heathfield,seven-mile-beach,north-wonthaggi,grasmere
,,broulee,,rockhampton,hope-valley,sheffield,ouyen,greenmount
,,brunswick-heads,,rocklea,ingle-farm,smithton,pakenham-upper,guildford
,,budgewoi,,roma,jamestown,sorell,phillip-island,halls-creek
,,bulahdelah,,sandgate,kadina,taroona,portland,harvey
,,bulli,,sarina,kapunda,ulverstone,queenscliff,heathridge
,,bundanoon,,scarborough,keith,warrane,sale,hillarys
,,bundeena,,scarness,kingscote,westbury,shepparton,iluka
,,bungendore,,sharon,kingston,wynyard,somerville,joondalup
,,burringbar,,shorncliffe,klemzig,,sorrento,jurien
,,buxton,,slacks-creek,langhorne-creek,,stawell,kalbarri
,,byron-bay,,south-brisbane,largs-bay,,sunbury,kalgoorlie
,,camden,,southport,lewiston,,swan-hill,karratha
,,cammeray,,springfield-lakes,littlehampton,,traralgon,katanning
,,campbelltown,,spring-hill,lobethal,,wangaratta,kelmscott
,,camperdown,,springwood,loveday,,warragul,kendenup
,,canada-bay,,stanthorpe,lyndoch,,warrnambool,kenwick
,,canowindra,,strathpine,macclesfield,,west-melbourne,kinross
,,canterbury,,sunnybank,maitland,,wodonga,kojonup
,,cardiff,,surfers-paradise,mallala,,yarrawonga,kununurra
,,caringbah,,taigum,mannum,,,kwinana
,,carlingford,,tallebudgera,marino,,,lower-chittering
,,casino,,tamborine-mountain,marion,,,lower-king
,,castle-hill,,taringa,mclaren-vale,,,maddington
,,castlecrag,,taroom,meadows,,,maida-vale
,,cessnock,,tarragindi,meningie,,,mandurah
,,charlestown,,tewantin,millicent,,,manjimup
,,chatswood,,thabeban,mitcham,,,manning
,,chinderah,,thagoona,moana,,,margaret-river
,,chippendale,,tieri,modbury,,,maylands
,,chipping-norton,,tin-can-bay,monash,,,medina
,,city-of-parramatta,,tolga,morphett-vale,,,melville
,,clarence-town,,toolooa,mount-barker,,,merredin
,,clontarf,,toowong,mount-compass,,,middle-swan
,,clovelly,,toowoomba,mount-gambier,,,midland
,,cobar,,torquay,mundulla,,,mindarie
,,cobbitty,,townsville,murray-bridge,,,moora
,,coffs-harbour,,trinity-beach,nairne,,,mosman-park
,,colo-vale,,tugun,naracoorte,,,mount-barker
,,como,,twin-waters,noarlunga,,,mount-helena
,,concord,,upper-coomera,normanville,,,mullaloo
,,condobolin,,urangan,nuriootpa,,,mundaring
,,coniston,,urraween,oakbank,,,mundijong
,,connells-point,,varsity-lakes,one-tree-hill,,,narrogin
,,coogee,,victoria-point,paradise,,,newman
,,coolamon,,wacol,penola,,,north-beach
,,cooma,,walkerston,peterborough,,,north-fremantle
,,coonabarabran,,warwick,plympton,,,northam
,,coonamble,,wellington-point,port-adelaide,,,northampton
,,cooranbong,,westbrook,port-augusta,,,osborne-park
,,cootamundra,,westcourt,port-augusta-west,,,parkerville
,,coraki,,windaroo,port-elliot,,,pearce
,,corlette,,windsor,port-lincoln,,,pemberton
,,corowa,,wondai,port-noarlunga,,,peppermint-grove
,,corrimal,,woodford,port-pirie,,,perth
,,coutts-crossing,,woodridge,port-victoria,,,pinjarra
,,cowra,,woolloongabba,port-willunga,,,port-denison
,,cremorne,,wooloowin,prospect,,,port-hedland
,,crescent-head,,woombye,quorn,,,quindalup
,,cringila,,woorim,renmark,,,quinns-rocks
,,cronulla,,woree,renmark-west,,,ravensthorpe
,,crookwell,,wynnum,reynella,,,rockingham
,,crows-nest,,yandina,roseworthy,,,roebourne
,,croydon,,yarraman,roxby-downs,,,safety-bay
,,culcairn,,yatala,salisbury,,,scarborough
,,cundletown,,yeppoon,seacliff,,,serpentine
,,curl-curl,,yorkeys-knob,seaford,,,shenton-park
,,daceyville,,zillmere,seaton,,,south-perth
,,dapto,,,smithfield,,,spearwood
,,dareton,,,solomontown,,,stoneville
,,darling-point,,,stirling,,,subiaco
,,darlinghurst,,,strathalbyn,,,swan-view
,,darlington-point,,,streaky-bay,,,swanbourne
,,davidson,,,sturt,,,tom-price
,,davistown,,,tanunda,,,toodyay
,,dee-why,,,thebarton,,,trigg
,,deniliquin,,,tumby-bay,,,two-rocks
,,denman,,,two-wells,,,vasse
,,dolans-bay,,,unley,,,waggrakine
,,doonside,,,upper-sturt,,,wagin
,,dora-creek,,,victor-harbour,,,wanneroo
,,dorrigo,,,virginia,,,warnbro
,,douglas-park,,,waikerie,,,waroona
,,dover-heights,,,wallaroo,,,wellard
,,drummoyne,,,wayville,,,wembley
,,dubbo,,,whyalla,,,wongan-hills
,,dunedoo,,,willaston,,,wooroloo
,,dungog,,,williamstown,,,wundowie
,,earlwood,,,woodside,,,yallingup
,,east-ballina,,,woodville,,,yanchep
,,east-gosford,,,worrolong,,,york
,,east-hills,,,,,,
,,east-lismore,,,,,,
,,east-maitland,,,,,,
,,eden,,,,,,
,,eglinton,,,,,,
,,empire-bay,,,,,,
,,engadine,,,,,,
,,epping,,,,,,
,,erina,,,,,,
,,ettalong,,,,,,
,,ettalong-beach,,,,,,
,,eulomogo,,,,,,
,,evans-head,,,,,,
,,fairy-meadow,,,,,,
,,falls-creek,,,,,,
,,federal,,,,,,
,,finley,,,,,,
,,flinders,,,,,,
,,forbes,,,,,,
,,forest-hill,,,,,,
,,forestville,,,,,,
,,forresters-beach,,,,,,
,,forster,,,,,,
,,frederickton,,,,,,
,,freshwater,,,,,,
,,galston,,,,,,
,,gerringong,,,,,,
,,gilgai,,,,,,
,,gilgandra,,,,,,
,,girraween,,,,,,
,,gladesville,,,,,,
,,glen-innes,,,,,,
,,glenbrook,,,,,,
,,glenfield,,,,,,
,,glenhaven,,,,,,
,,glenmore-park,,,,,,
,,glenorie,,,,,,
,,gloucester,,,,,,
,,gol-gol,,,,,,
,,goonellabah,,,,,,
,,gordon,,,,,,
,,gorokan,,,,,,
,,gosford,,,,,,
,,goulburn,,,,,,
,,grafton,,,,,,
,,granville,,,,,,
,,grays-point,,,,,,
,,greenwell-point,,,,,,
,,greenwich,,,,,,
,,grenfell,,,,,,
,,greta,,,,,,
,,griffith,,,,,,
,,gulgong,,,,,,
,,gundagai,,,,,,
,,gundaroo,,,,,,
,,gunnedah,,,,,,
,,guyra,,,,,,
,,gwynneville,,,,,,
,,gymea,,,,,,
,,gymea-bay,,,,,,
,,haberfield,,,,,,
,,harrington,,,,,,
,,hawks-nest,,,,,,
,,haymarket,,,,,,
,,hazelbrook,,,,,,
,,heathcote,,,,,,
,,heddon-greta,,,,,,
,,helensburgh,,,,,,
,,henty,,,,,,
,,hillston,,,,,,
,,holbrook,,,,,,
,,holgate,,,,,,
,,holmesville,,,,,,
,,holsworthy,,,,,,
,,homebush,,,,,,
,,hornsby,,,,,,
,,howlong,,,,,,
,,hunters-hill,,,,,,
,,hurstville-grove,,,,,,
,,ingleburn,,,,,,
,,inverell,,,,,,
,,jamberoo,,,,,,
,,jannali,,,,,,
,,jilliby,,,,,,
,,jindabyne,,,,,,
,,jindera,,,,,,
,,junee,,,,,,
,,kahibah,,,,,,
,,kandos,,,,,,
,,kangaroo-valley,,,,,,
,,kanwal,,,,,,
,,kareela,,,,,,
,,katoomba,,,,,,
,,keiraville,,,,,,
,,kelso,,,,,,
,,kempsey,,,,,,
,,kendall,,,,,,
,,kensington,,,,,,
,,kenthurst,,,,,,
,,kiama,,,,,,
,,kingscliff,,,,,,
,,kingsford,,,,,,
,,kirrawee,,,,,,
,,kirribilli,,,,,,
,,kogarah,,,,,,
,,kootingal,,,,,,
,,kotara,,,,,,
,,kurnell,,,,,,
,,kurri-kurri,,,,,,
,,kyogle,,,,,,
,,lake-albert,,,,,,
,,lake-cargelligo,,,,,,
,,lake-heights,,,,,,
,,lake-illawarra,,,,,,
,,lakemba,,,,,,
,,lambton,,,,,,
,,lane-cove,,,,,,
,,largs,,,,,,
,,larnook,,,,,,
,,laurieton,,,,,,
,,lavington,,,,,,
,,lawson,,,,,,
,,leeton,,,,,,
,,leichhardt,,,,,,
,,leumeah,,,,,,
,,leura,,,,,,
,,lidcombe,,,,,,
,,lightning-ridge,,,,,,
,,lilyfield,,,,,,
,,lindfield,,,,,,
,,lisarow,,,,,,
,,lismore,,,,,,
,,lithgow,,,,,,
,,liverpool,,,,,,
,,loftus,,,,,,
,,long-jetty,,,,,,
,,longueville,,,,,,
,,lorn,,,,,,
,,luddenham,,,,,,
,,lugarno,,,,,,
,,macksville,,,,,,
,,maclean,,,,,,
,,maitland,,,,,,
,,malabar,,,,,,
,,mangerton,,,,,,
,,manilla,,,,,,
,,manly,,,,,,
,,maroubra,,,,,,
,,marrickville,,,,,,
,,mascot,,,,,,
,,matraville,,,,,,
,,medowie,,,,,,
,,menai,,,,,,
,,merimbula,,,,,,
,,merriwa,,,,,,
,,merrylands,,,,,,
,,millthorpe,,,,,,
,,milton,,,,,,
,,miranda,,,,,,
,,mittagong,,,,,,
,,molong,,,,,,
,,monterey,,,,,,
,,moonee-beach,,,,,,
,,moree,,,,,,
,,mortdale,,,,,,
,,mosman,,,,,,
,,moss-vale,,,,,,
,,mount-colah,,,,,,
,,mount-druitt,,,,,,
,,mount-keira,,,,,,
,,mount-ousley,,,,,,
,,mount-saint-thomas,,,,,,
,,mudgee,,,,,,
,,mulgoa,,,,,,
,,mulwala,,,,,,
,,murrumbateman,,,,,,
,,murwillumbah,,,,,,
,,muswellbrook,,,,,,
,,nabiac,,,,,,
,,nambucca,,,,,,
,,nambucca-heads,,,,,,
,,nana-glen,,,,,,
,,narara,,,,,,
,,narellan,,,,,,
,,narooma,,,,,,
,,narrabeen,,,,,,
,,narrabri,,,,,,
,,narrandera,,,,,,
,,narromine,,,,,,
,,nelson-bay,,,,,,
,,neutral-bay,,,,,,
,,new-lambton,,,,,,
,,newcastle,,,,,,
,,newport,,,,,,
,,newtown,,,,,,
,,nimbin,,,,,,
,,normanhurst,,,,,,
,,north-haven,,,,,,
,,north-narrabeen,,,,,,
,,north-shore,,,,,,
,,north-turramurra,,,,,,
,,northmead,,,,,,
,,nowra,,,,,,
,,nyngan,,,,,,
,,oakdale,,,,,,
,,oatley,,,,,,
,,oberon,,,,,,
,,old-bar,,,,,,
,,orange,,,,,,
,,oyster-bay,,,,,,
,,paddington,,,,,,
,,padstow,,,,,,
,,palm-beach,,,,,,
,,paramatta,,,,,,
,,parkes,,,,,,
,,peak-hill,,,,,,
,,peakhurst,,,,,,
,,pennant-hills,,,,,,
,,penrith,,,,,,
,,penshurst,,,,,,
,,perthville,,,,,,
,,phillip,,,,,,
,,picton,,,,,,
,,pitt-town,,,,,,
,,point-clare,,,,,,
,,point-piper,,,,,,
,,port-kembla,,,,,,
,,port-macquarie,,,,,,
,,port-stephens,,,,,,
,,portland,,,,,,
,,pymble,,,,,,
,,pyrmont,,,,,,
,,quakers-hill,,,,,,
,,queanbeyan,,,,,,
,,quirindi,,,,,,
,,ramsgate,,,,,,
,,randwick,,,,,,
,,rathmines,,,,,,
,,raworth,,,,,,
,,raymond-terrace,,,,,,
,,redfern,,,,,,
,,redhead,,,,,,
,,regents-park,,,,,,
,,revesby,,,,,,
,,rhodes,,,,,,
,,richmond,,,,,,
,,riverstone,,,,,,
,,roselands,,,,,,
,,rouse-hill,,,,,,
,,sawtell,,,,,,
,,shellharbour-village,,,,,,
,,singleton,,,,,,
,,south-grafton,,,,,,
,,sydney,,,,,,
,,tamworth,,,,,,
,,taree,,,,,,
,,the-entrance,,,,,,
,,toormina,,,,,,
,,tumut,,,,,,
,,ulladulla,,,,,,
,,wagga-wagga,,,,,,
,,wellington,,,,,,
,,wollongong,,,,,,
,,woolgoolga,,,,,,
,,young,,,,,,
