canada,alberta,british-columbia,manitoba,new-brunswick,northwest-territories,nova-scotia,nunavut,ontario,prince-edward-island,quebec,saskatchewan,yukon,newfoundland-and-labrador
alberta,airdrie,abbotsford,altona,bathurst,fort-mcpherson,amherst,clyde-river,amherstburg,alberton,acton-vale,assiniboia,haines-junction,bay-roberts
british-columbia,athabasca,aldergrove,beausejour,bouctouche,inuvik,antigonish,gjoa-haven,angus,charlottetown,albanel,biggar,watson-lake,bonavista
manitoba,banff,armstrong,boissevain,campbellton,norman-wells,berwick,iqaluit,arnprior,cornwall,alma,canora,whitehorse,botwood
new-brunswick,barrhead,ashcroft,brandon,dieppe,yellowknife,bridgewater,kugluktuk,atikokan,kensington,amos,carlyle,,burgeo
northwest-territories,bassano,bowen-island,carberry,edmundston,,chester,pangnirtung,aylmer,montague,amqui,dalmeny,,carbonear
nova-scotia,beaumont,burnaby,carman,fredericton,,cole-harbour,rankin-inlet,bancroft,souris,asbestos,esterhazy,,catalina
nunavut,beaverlodge,burns-lake,dauphin,hampton,,dartmouth,,barrie,summerside,baie-comeau,estevan,,channel-port-aux-basques
ontario,black-diamond,cache-creek,deloraine,harrison-brook,,digby,,belleville,,baie-durfe,foam-lake,,clarenville-shoal-harbour
prince-edward-island,blackfalds,campbell-river,flin-flon,miramichi,,glace-bay,,bells-corners,,baie-saint-paul,gravelbourg,,conception-bay-south
quebec,bon-accord,castlegar,gimli,moncton,,greenwood,,bourget,,barraute,hudson-bay,,corner-brook
saskatchewan,bonnyville,chase,killarney,nackawic,,halifax,,bracebridge,,beaconsfield,humboldt,,deer-lake
yukon,bow-island,chetwynd,lac-du-bonnet,oromocto,,hantsport,,bradford-west-gwillimbury,,beauceville,indian-head,,gambo
newfoundland-and-labrador,brooks,chilliwack,melita,richibucto,,kentville,,brampton,,beauharnois,kamsack,,grand-bank
,calgary,colwood,minnedosa,sackville,,lunenburg,,brant,,beaupre,kerrobert,,grand-falls-windsor
,calmar,coquitlam,morden,saint-andrews,,middleton,,brantford,,becancour,kindersley,,happy-valley-goose-bay
,camrose,courtenay,morris,saint-john,,new-glasgow,,brockville,,bedford,la-ronge,,harbour-breton
,canmore,cranbrook,neepawa,saint-leonard,,oxford,,burlington,,bellechasse-regional-county-municipality,langenburg,,labrador
,cardston,creston,niverville,salisbury,,parrsboro,,cambridge,,beloeil,langham,,lewisporte
,carstairs,cumberland,portage-la-prairie,shediac,,pictou,,carleton-place,,berthierville,lanigan,,marystown
,chestermere,dawson-creek,rivers,sussex,,port-hawkesbury,,casselman,,blainville,lloydminster,,mount-pearl
,claresholm,delta,roblin,tracadie-sheila,,princeville,,chatham-kent,,boisbriand,lumsden,,pasadena
,coaldale,duncan,selkirk,,,shelburne,,clarence-rockland,,bois-des-filion,macklin,,st.johns
,coalhurst,elkford,souris,,,springhill,,cobourg,,bonaventure,maple-creek,,stephenville
,cochrane,enderby,steinbach,,,sydney,,collingwood,,boucherville,martensville,,stephenville-crossing
,cold-lake,fernie,stonewall,,,sydney-mines,,cornwall,,bromont,meadow-lake,,torbay
,crossfield,fort-nelson,swan-river,,,truro,,deep-river,,brossard,melfort,,wabana
,devon,fort-st.--john,the-pas,,,windsor,,deseronto,,brownsburg-chatham,melville,,
,didsbury,fruitvale,thompson,,,wolfville,,dryden,,cabano,moose-jaw,,
,drayton-valley,gibsons,virden,,,yarmouth,,elliot-lake,,candiac,moosomin,,
,edmonton,golden,winkler,,,,,englehart,,cap-chat,nipawin,,
,edson,grand-forks,winnipeg,,,,,espanola,,cap-sante,north-battleford,,
,elk-point,hope,,,,,,fort-erie,,carignan,outlook,,
,fairview,houston,,,,,,fort-frances,,carleton-sur-mer,oxbow,,
,falher,invermere,,,,,,gananoque,,chambly,pilot-butte,,
,fort-macleod,kamloops,,,,,,goderich,,chandler,preeceville,,
,fort-saskatchewan,kelowna,,,,,,gravenhurst,,chapais,prince-albert,,
,fox-creek,kimberley,,,,,,greater-napanee,,charlemagne,regina,,
,gibbons,kitimat,,,,,,greater-sudbury,,chateauguay,rosetown,,
,grande-cache,ladner,,,,,,guelph,,chateau-richer,rosthern,,
,grande-prairie,ladysmith,,,,,,haldimand-county,,chibougamau,shaunavon,,
,grimshaw,lake-cowichan,,,,,,hamilton,,chute-aux-outardes,shellbrook,,
,hanna,langford,,,,,,hanover,,coaticook,swift-current,,
,high-level,langley,,,,,,hawkesbury,,contrecoeur,tisdale,,
,high-prairie,langley,,,,,,hearst,,cookshire-eaton,unity,,
,high-river,lions-bay,,,,,,huntsville,,cote-saint-luc,wadena,,
,hinton,logan-lake,,,,,,ingersoll,,cowansville,warman,,
,irricana,lumby,,,,,,innisfil,,crabtree,watrous,,
,jasper-park-lodge,maple-ridge,,,,,,iroquois-falls,,danville,weyburn,,
,killam,merritt,,,,,,kapuskasing,,daveluyville,white,,
,lac-la-biche,mission,,,,,,kawartha-lakes,,delson,wilkie,,
,lacombe,nakusp,,,,,,kenora,,deux-montagnes,wynyard,,
,lake-louise,nanaimo,,,,,,keswick,,dolbeau-mistassini,yorkton,,
,lamont,nelson,,,,,,kingston,,dollard-des-ormeaux,,,
,leduc,new-westminster,,,,,,kirkland-lake,,donnacona,,,
,lethbridge,north-cowichan,,,,,,kitchener,,dorval,,,
,magrath,north-vancouver,,,,,,leamington,,drummondville,,,
,manning,oliver,,,,,,london,,east-angus,,,
,mayerthorpe,osoyoos,,,,,,marathon,,farnham,,,
,medicine-hat,parksville,,,,,,mattawa,,ferme-neuve,,,
,millet,peachland,,,,,,midland,,fermont,,,
,morinville,pemberton,,,,,,millbrook,,forestville,,,
,nanton,penticton,,,,,,mississauga,,fort-coulonge,,,
,okotoks,pitt-meadows,,,,,,napanee-downtown,,fossambault-sur-lac,,,
,olds,port-alberni,,,,,,niagara-falls,,gaspe,,,
,peace-river,port-moody,,,,,,norfolk-county,,gatineau,,,
,penhold,powell-river,,,,,,north-bay,,granby,,,
,picture-butte,prince-george,,,,,,north-york,,hampstead,,,
,pincher-creek,prince-rupert,,,,,,omemee,,havre-saint-pierre,,,
,ponoka,princeton,,,,,,orangeville,,hudson,,,
,provost,quesnel,,,,,,orillia,,huntingdon,,,
,raymond,revelstoke,,,,,,oshawa,,joliette,,,
,red-deer,richmond,,,,,,ottawa,,jonquiere,,,
,rimbey,rossland,,,,,,owen-sound,,kingsey-falls,,,
,rocky-mountain-house,salmo,,,,,,paris,,kirkland,,,
,sexsmith,salmon-arm,,,,,,parry-sound,,la-malbaie,,,
,sherwood-park,sechelt,,,,,,pembroke,,la-pocatiere,,,
,slave-lake,sicamous,,,,,,perth,,la-prairie,,,
,smoky-lake,smithers,,,,,,petawawa,,la-sarre,,,
,spirit-river,sooke,,,,,,peterborough,,la-tuque,,,
,spruce-grove,summerland,,,,,,petrolia,,labelle,,,
,st.-albert,surrey,,,,,,pickering,,lac-brome,,,
,stettler,terrace,,,,,,port-colborne,,lachute,,,
,stony-plain,tofino,,,,,,powassan,,lac-megantic,,,
,strathmore,trail,,,,,,prescott,,lacolle,,,
,sundre,ucluelet,,,,,,prince-edward,,lancienne-lorette,,,
,swan-hills,vancouver,,,,,,quinte-west,,lassomption,,,
,sylvan-lake,vanderhoof,,,,,,renfrew,,laval,,,
,taber,vernon,,,,,,sarnia,,lavaltrie,,,
,three-hills,victoria,,,,,,sault-ste.marie,,lebel-sur-quevillon,,,
,tofield,walnut-grove,,,,,,shelburne,,lepiphanie,,,
,two-hills,west-kelowna,,,,,,skatepark,,les-cedres,,,
,valleyview,whistler,,,,,,smiths-falls,,les-coteaux,,,
,vegreville,white-rock,,,,,,south-river,,levis,,,
,vermilion,williams-lake,,,,,,st.catharines,,lile-perrot,,,
,viking,,,,,,,st.thomas,,longueuil,,,
,vulcan,,,,,,,stratford,,lorraine,,,
,wainwright,,,,,,,temiskaming-shores,,louiseville,,,
,wembley,,,,,,,thessalon,,macamic,,,
,westlock,,,,,,,thorold,,magog,,,
,wetaskiwin,,,,,,,thunder-bay,,malartic,,,
,whitecourt,,,,,,,timmins,,maniwaki,,,
,,,,,,,,toronto,,marieville,,,
,,,,,,,,vaughan,,mascouche,,,
,,,,,,,,wasaga-beach,,maskinonge,,,
,,,,,,,,waterloo,,matagami,,,
,,,,,,,,welland,,matane,,,
,,,,,,,,windsor,,mercier,,,
,,,,,,,,wingham,,mirabel,,,
,,,,,,,,woodstock,,mont-joli,,,
,,,,,,,,,,mont-laurier,,,
,,,,,,,,,,montmagny,,,
,,,,,,,,,,montreal,,,
,,,,,,,,,,montreal-est,,,
,,,,,,,,,,montreal-ouest,,,
,,,,,,,,,,mont-royal,,,
,,,,,,,,,,mont-saint-hilaire,,,
,,,,,,,,,,mont-tremblant,,,
,,,,,,,,,,napierville,,,
,,,,,,,,,,neuville,,,
,,,,,,,,,,new-richmond,,,
,,,,,,,,,,nicolet,,,
,,,,,,,,,,normandin,,,
,,,,,,,,,,notre-dame-de-lile-perrot,,,
,,,,,,,,,,notre-dame-des-prairies,,,
,,,,,,,,,,notre-dame-du-bon-conseil,,,
,,,,,,,,,,oka,,,
,,,,,,,,,,ormstown,,,
,,,,,,,,,,otterburn-park,,,
,,,,,,,,,,papineauville,,,
,,,,,,,,,,pierreville,,,
,,,,,,,,,,pincourt,,,
,,,,,,,,,,plessisville,,,
,,,,,,,,,,pointe-claire,,,
,,,,,,,,,,pont-rouge,,,
,,,,,,,,,,port-cartier,,,
,,,,,,,,,,prevost,,,
,,,,,,,,,,rawdon,,,
,,,,,,,,,,repentigny,,,
,,,,,,,,,,richelieu,,,
,,,,,,,,,,richmond,,,
,,,,,,,,,,rigaud,,,
,,,,,,,,,,rimouski,,,
,,,,,,,,,,riviere-du-loup,,,
,,,,,,,,,,riviere-rouge,,,
,,,,,,,,,,roberval,,,
,,,,,,,,,,rosemere,,,
,,,,,,,,,,rougemont,,,
,,,,,,,,,,rouyn-noranda,,,
,,,,,,,,,,saguenay,,,
,,,,,,,,,,saint-alexis-des-monts,,,
,,,,,,,,,,saint-ambroise,,,
,,,,,,,,,,saint-andre-avellin,,,
,,,,,,,,,,saint-augustin,,,
,,,,,,,,,,saint-augustin-de-desmaures,,,
,,,,,,,,,,saint-basile-le-grand,,,
,,,,,,,,,,saint-bruno-de-guigues,,,
,,,,,,,,,,saint-bruno-de-montarville,,,
,,,,,,,,,,saint-cesaire,,,
,,,,,,,,,,saint-come--liniere,,,
,,,,,,,,,,saint-constant,,,
,,,,,,,,,,saint-cyrille-de-wendover,,,
,,,,,,,,,,saint-damase,,,
,,,,,,,,,,saint-denis-sur-richelieu,,,
,,,,,,,,,,sainte-catherine-de-la-jacques-cartier,,,
,,,,,,,,,,sainte-adele,,,
,,,,,,,,,,sainte-agathe-des-monts,,,
,,,,,,,,,,sainte-anne-de-bellevue,,,
,,,,,,,,,,sainte-anne-des-monts,,,
,,,,,,,,,,sainte-anne-des-plaines,,,
,,,,,,,,,,sainte-catherine,,,
,,,,,,,,,,sainte-julie,,,
,,,,,,,,,,sainte-julienne,,,
,,,,,,,,,,sainte-marie,,,
,,,,,,,,,,sainte-marthe-sur-le-lac,,,
,,,,,,,,,,sainte-martine,,,
,,,,,,,,,,sainte-sophie,,,
,,,,,,,,,,sainte-thecle,,,
,,,,,,,,,,sainte-therese,,,
,,,,,,,,,,saint-eustache,,,
,,,,,,,,,,saint-felicien,,,
,,,,,,,,,,saint-felix-de-valois,,,
,,,,,,,,,,saint-gabriel,,,
,,,,,,,,,,saint-gedeon,,,
,,,,,,,,,,saint-germain-de-grantham,,,
,,,,,,,,,,saint-hyacinthe,,,
,,,,,,,,,,saint-jacques,,,
,,,,,,,,,,saint-jean-sur-richelieu,,,
,,,,,,,,,,saint-jerome,,,
,,,,,,,,,,saint-joseph-de-beauce,,,
,,,,,,,,,,saint-joseph-de-coleraine,,,
,,,,,,,,,,saint-lambert,,,
,,,,,,,,,,saint-laurent,,,
,,,,,,,,,,saint-lazare,,,
,,,,,,,,,,saint-lin--laurentides,,,
,,,,,,,,,,saint-marc-des-carrieres,,,
,,,,,,,,,,saint-martin,,,
,,,,,,,,,,saint-michel-des-saints,,,
,,,,,,,,,,saint-pie,,,
,,,,,,,,,,saint-raymond,,,
,,,,,,,,,,saint-remi,,,
,,,,,,,,,,saint-sauveur,,,
,,,,,,,,,,saint-tite,,,
,,,,,,,,,,salaberry-de-valleyfield,,,
,,,,,,,,,,senneterre,,,
,,,,,,,,,,sept-iles,,,
,,,,,,,,,,shawinigan,,,
,,,,,,,,,,shawville,,,
,,,,,,,,,,sherbrooke,,,
,,,,,,,,,,sorel-tracy,,,
,,,,,,,,,,sutton,,,
,,,,,,,,,,temiscaming,,,
,,,,,,,,,,terrebonne,,,
,,,,,,,,,,thetford-mines,,,
,,,,,,,,,,thurso,,,
,,,,,,,,,,trois-rivieres,,,
,,,,,,,,,,valcourt,,,
,,,,,,,,,,val-david,,,
,,,,,,,,,,val-des-monts,,,
,,,,,,,,,,val-dor,,,
,,,,,,,,,,varennes,,,
,,,,,,,,,,vaudreuil-dorion,,,
,,,,,,,,,,vercheres,,,
,,,,,,,,,,victoriaville,,,
,,,,,,,,,,ville-marie,,,
,,,,,,,,,,wakefield,,,
,,,,,,,,,,warwick,,,
,,,,,,,,,,waterloo,,,
,,,,,,,,,,westmount,,,
,,,,,,,,,,windsor,,,
,,,,,,,,,,yamachiche,,,
