germany,baden-wuerttemberg,bavaria,berlin,brandenburg,bremen,hamburg,hesse,lower-saxony,mecklenburg-western-pomerania,north-rhine-westphalia,rhineland-palatinate,saarland,saxony,saxony-lasting,schleswig-holstein,thuringia
baden-wuerttemberg,aach,abenberg,berlin-pankow,alt-tucheband,bremerhaven,wandsbek,frankfurt-am-main,hannover,rostock,aachen,mainz,saarbrucken,adorf,abtsdorf,achterwehr,abtsbessingen
bavaria,aalen,abensberg,berlin-koepenick,altdobern,langen,marienthal,alheim,achim,admannshagen-bargeshagen,ahaus,aach,neunkirchen,altenberg,ahlsdorf,achtrup,ahlstadt
berlin,abstatt,adelsdorf,berlin-mitte,althuttendorf,,eimsbuettel,allendorf,adelebsen,ahlbeck,ahlen,adenau,homburg,altmittweida,aken,agethorst,albersdorf
brandenburg,abtsgmund,adlkofen,berlin-reinickendorf,altlandsberg,,altona,allendorf-an-der-lahn,adelheidsdorf,alt-bukow,aldenhoven,ahrbruck,volklingen,annaberg-buchholz,allstedt,ahneby,alkersleben
bremen,achern,affing,berlin-schoeneberg,angermunde,,bergedorf,alsbach-hahnlein,adenbuttel,alt-krenzlin,alfter,albersweiler,sankt-ingbert,arzberg,alsleben,ahrensbok,allendorf
hamburg,achstetten,ahorn,berlin-spandau,bad-freienwalde,,eidelstedt,alsfeld,adendorf,alt-meteln,alpen,albig,saarlouis,aue,altenhausen,ahrensburg,alperstedt
hesse,adelberg,aichach,berlin-steglitz-zehlendorf,bad-liebenwerda,,,alten-buseck,adenstedt,alt-schwerin,alsdorf,albisheim,merzig,auerbach,angern,ahrenshoft,altenberga
lower-saxony,adelmannsfelden,aidenbach,berlin-tempelhof,bad-saarow,,,altenstadt,aerzen,alt-suhrkow,altena,alf,sankt-wendel,augustusburg,angersdorf,ahrenviol,altenbeuthen
mecklenburg-western-pomerania,adelsheim,aindling,berlin-treptow,bad-wilsnack,,,amoneburg,affinghausen,alt-tellin,altenbeken,alflen,blieskastel,bad-brambach,annaburg,albersdorf,altenburg
north-rhine-westphalia,affalterbach,ainring,berlin-wilmersdorf,baruth,,,asslar,agathenburg,alt-zachun,altenberge,alken,lebach,bad-duben,arneburg,alkersum,altenfeld
rhineland-palatinate,aglasterhausen,aldersbach,,beelitz,,,babenhausen,ahausen,altefahr,anrochte,allenbach,dillingen,bad-elster,aschersleben,almdorf,altengottern
saarland,aichelberg,allersberg,,beeskow,,,bad-arolsen,ahlden,altenhagen,arnsberg,allendorf,puttlingen,bad-lausick,atzendorf,alt-bennebek,altersbach
saxony,aichhalden,allershausen,,belzig,,,bad-camberg,ahlerstedt,altenhof,ascheberg,alpenrod,heusweiler,bad-muskau,ausleben,alt-duvenstedt,altkirchen
saxony-lasting,aichstetten,alling,,bensdorf,,,bad-endbach,ahnsbeck,altenkirchen,attendorn,alsdorf,bexbach,bad-schandau,axien,alt-molln,andenhausen
schleswig-holstein,aidlingen,altdorf,,berge,,,bad-hersfeld,ahnsen,altenpleen,augustdorf,alsenz,schwalbach,bannewitz,baalberge,altenhof,andisleben
thuringia,aitern,alteglofsheim,,berkenbruck,,,bad-homburg-vor-der-hohe,ahsen-oetzen,altentreptow,bad-berleburg,alsheim,illingen,barenstein,bad-bibra,altenholz,angelroda
,aitrach,altenkunstadt,,bernau-bei-berlin,,,bad-konig,alfeld,altkalen,bad-driburg,altdorf,wadgassen,bautzen,bad-durrenberg,altenkrempe,anrode
,albbruck,altenmarkt,,bestensee,,,bad-nauheim,alfhausen,alt-sanitz,bad-honnef,altenahr,sulzbach,beierfeld,bad-kosen,altenmoor,apfelstadt
,albershausen,altenmunster,,biesenthal,,,bad-orb,alfstedt,altstadt,bad-laasphe,altenbamberg,eppelborn,beiersdorf,bad-lauchstadt,alveslohe,apolda
,albstadt,altenstadt,,birkenwerder,,,bad-salzschlirf,algermissen,altwarp,bad-lippspringe,altendiez,schmelz,beilrode,bad-schmiedeberg,appen,arenshausen
,aldingen,alterhofen,,bliesdorf,,,bad-schwalbach,almstedt,altwigshagen,bad-munstereifel,altenglan,schiffweiler,belgern,bad-suderode,arkebek,arnsgereuth
,alfdorf,altomunster,,borkheide,,,bad-soden-am-taunus,altenau,ankershagen,bad-oeynhausen,altenkirchen,wadern,belgershain,badel,arlewatt,arnstadt
,allensbach,altotting,,borkwalde,,,bad-soden-salmunster,altenmedingen,anklam,bad-salzuflen,althornbach,losheim,bennewitz,balgstadt,armstedt,artern
,alleshausen,altusried,,brandenburg-an-der-havel,,,bad-sooden-allendorf,alt-wallmoden,bad-doberan,bad-sassendorf,altleiningen,beckingen,bergen,ballenstedt,arpsdorf,aschenhausen
,allmannsweiler,alzenau-in-unterfranken,,breddin,,,bad-vilbel,amelinghausen,bad-kleinen,baesweiler,altrich,rehlingen-siersburg,bernsbach,barby,ascheberg,aspach
,allmendingen,amberg,,breese,,,bad-wildungen,anderlingen,bad-sulze,bahnhof-lohne,altrip,riegelsberg,bernsdorf,barleben,ascheffel,auerstedt
,allmersbach-im-tal,amerang,,brieselang,,,battenberg,ankum,balow,balve,alzey,ottweiler,bernstadt,barnstadt,aukrug,auleben
,alpirsbach,ampfing,,briesen,,,baunatal,apelern,bandelin,barntrup,andernach,spiesen-elversberg,berthelsdorf,beendorf,aumuhle,auma
,altbach,andechs,,brieskow-finkenheerd,,,bebra,apen,banzkow,beckum,anhausen,quierschied,bertsdorf-hoernitz,beesenlaublingen,ausacker,bachfeld
,altdorf,ansbach,,britz,,,beerfelden,apensen,bargischow,bedburg,annweiler-am-trifels,saarwellingen,bischofswerda,beesenstedt,auufer,bad-berka
,altenriet,anzing,,bronkow,,,bensheim,appel,barnekow,beelen,appenheim,tholey,bitterfeld,beetzendorf,aventoft,bad-blankenburg
,altensteig,aresing,,bruck,,,biblis,appeln,barnin,bergheim,argenthal,kleinblittersdorf,bockau,belleben,averlak,bad-frankenhausen
,altes-lager,arnstein,,brussow,,,bickenbach,arholzen,bartenshagen-parkentin,bergisch-gladbach,armsheim,uberherrn,bockelwitz,benndorf,bad-bramstedt,bad-klosterlausnitz
,althengstett,arnstorf,,buckow,,,biebesheim,armstorf,barth,bergkamen,arzbach,friedrichsthal,bohlen,benneckenstein,bad-oldesloe,bad-kostritz
,althutte,arrach,,burg,,,biedenkopf,arpke,bartow,bergneustadt,arzfeld,marpingen,borna,bennstedt,bad-schwartau,bad-langensalza
,altlussheim,arzberg,,calau,,,birkenau,artlenburg,basedow,bestwig,asbach,merchweiler,bornichen,bennungen,bad-segeberg,bad-liebenstein
,altshausen,asbach-baumenheim,,casekow,,,birstein,asendorf,bastorf,beverungen,aspisheim,nohfelden,borsdorf,berga,badendorf,bad-salzungen
,amstetten,aschaffenburg,,chorin,,,bischoffen,auhagen,beggerow,bielefeld,ayl,kirkel,borstendorf,bergwitz,bahrenfleth,bad-sulza
,amtzell,aschau-am-inn,,cottbus,,,bischofsheim,aurich,behrenhoff,billerbeck,bacharach,wallerfangen,bosenbrunn,bernburg,bahrenhof,bad-tennstedt
,aspach,aschau-im-chiemgau,,crinitz,,,borken,axstedt,behren-lubchin,birgte,bad-bergzabern,nalbach,boxberg,bethau,bak,badra
,asperg,aschheim,,cumlosen,,,braunfels,bad-bentheim,belsch,blankenheim,bad-bertrich,nonnweiler,brand-erbisdorf,beuna,balau,ballstadt
,assamstadt,assling,,dabergotz,,,breidenbach,badbergen,benitz,blomberg,bad-breisig,grossrosseln,brandis,biederitz,bargenstedt,ballstedt
,asselfingen,auerbach,,dahme,,,breitenbach,bad-bevensen,bentwisch,bocholt,bad-durkheim,freisen,breitenbrunn,biere,bargfeld-stegen,barchfeld
,attenweiler,augsburg,,dallgow-doeberitz,,,breitscheid,baddeckenstedt,bentzin,bochum,badem,namborn,burgstadt,bismark,bargstall,bauerbach
,au,au-in-der-hallertau,,diensdorf-radlow,,,brensbach,bad-eilsen,benz,bochum-hordel,bad-ems,bous,burkau,blankenburg,bargstedt,bechstedt
,au-am-rhein,aying,,doberlug-kirchhain,,,breuna,badenhausen,bergen,bonen,bad-honningen,gersheim,burkhardtsdorf,blankenheim,bargteheide,bechstedtstrass
,auggen,aystetten,,drachhausen,,,bromskirchen,bad-essen,bergholz,bonn,bad-kreuznach,ensdorf,callenberg,bobbau,bargum,behringen
,aulendorf,baar-ebenhausen,,drahnsdorf,,,bruchkobel,bad-gandersheim,bernitt,borgentreich,bad-marienberg,oberthal,cavertitz,borne,bark,beichlingen
,backnang,babenhausen,,drebkau,,,budingen,bad-grund,bernstorf,borgholzhausen,bad-munster-am-stein-ebernburg,weiskirchen,chemnitz,bornstedt,barkelsby,beinerstadt
,bad-mergentheim,babensham,,dreetz,,,burghaun,bad-harzburg,beseritz,borken,bad-neuenahr-ahrweiler,orscholz,claussnitz,brachwitz,barkenholm,bellstedt
,bad-rappenau,bad-aibling,,drehnow,,,burg-hohenstein,bad-iburg,besitz,bornheim,bann,mettlach,colditz,brandhorst,barlt,belrieth
,bad-sackingen,bad-kissingen,,eberswalde,,,burstadt,bad-karlshafen,bibow,bottrop,bassenheim,hangard,coswig,braschwitz,barmissen,bendeleben
,bad-waldsee,bad-neustadt-an-der-saale,,eichwalde,,,buttelborn,bad-laer,biendorf,brakel,battweiler,saarhoelzbach,crimmitschau,braunsbedra,barmstedt,benshausen
,bad-bellingen,bad-reichenhall,,eisenhuettenstadt,,,butzbach,bad-lauterberg-im-harz,blankenberg,breckerfeld,baumholder,britten,crostau,brehna,barsbek,berga
,bad-buchau,bad-tolz,,elsterwerda,,,calden,bad-munder-am-deister,blankenhagen,brilon,bausendorf,weiten,crostwitz,breitenfeld,barsbuttel,berlingerode
,bad-ditzenbach,bad-worishofen,,erkner,,,colbe,bad-nenndorf,blankenhof,bruggen,becheln,mainzweiler,crottendorf,brumby,basedow,berlstedt
,bad-durrheim,bad-abbach,,falkenberg,,,cornberg,bad-pyrmont,blankensee,bruhl,bechhofen,,cunewalde,bulstringen,basthorst,bermbach
,baden-baden,bad-berneck-im-fichtelgebirge,,falkenhagen,,,darmstadt,bad-rothenfelde,blesewitz,buende,bechtheim,,dahlen,burg-bei-magdeburg,bebensee,bethenhausen
,badenweiler,bad-birnbach,,falkensee,,,dieburg,bad-sachsa,blievenstorf,burbach,bechtolsheim,,delitzsch,burgstall,behlendorf,bibra
,bad-herrenalb,bad-bocklet,,fehrbellin,,,dietzenbach,bad-salzdetfurth,blowatz,buren,bedesbach,,demitz-thumitz,burgwerben,behrendorf,bienstadt
,bad-liebenzell,bad-bruckenau,,fichtenwalde,,,dillenburg,bad-zwischenahn,blumenhagen,burscheid,beindersheim,,dennheritz,calbe,beidenfleth,bilzingsleben
,bad-peterstal-griesbach,bad-endorf,,finsterwalde,,,dipperz,bahrdorf,blumenholz,castrop-rauxel,bekond,,deutzen,calvorde,bekdorf,birkenfelde
,bad-rippoldsau-schapbach,bad-feilnbach,,forst,,,dreieich,bahrenborstel,bobitz,coesfeld,bell,,dippoldiswalde,cochstedt,bekmunde,birx
,bad-schussenried,bad-fussing,,frankfurt,,,driedorf,bakum,boddin,dahlem,bellheim,,dobeln,colbitz,belau,bischofferode
,bad-teinach-zavelstein,bad-griesbach,,friedland,,,echzell,balge,boiensdorf,datteln,beltheim,,dobernitz,coswig,beldorf,bischofrod
,bad-uberkingen,bad-heilbrunn,,friedrichswalde,,,egelsbach,balje,boizenburg,delbruck,bendorf,,doberschutz,dahlenwarsleben,bendfeld,bischofroda
,bad-urach,bad-konigshofen-im-grabfeld,,friesack,,,ehringshausen,baltrum,boldekow,detmold,bengel,,dohma,dahre,bendorf,blankenburg
,bad-wildbad-im-schwarzwald,bad-staffelstein,,furstenberg,,,eichenzell,banteln,bollewick,dinslaken,berg,,dohna,dannefeld,bergenhusen,blankenhain
,bad-wimpfen,bad-steben,,furstenwalde,,,einhausen,bardowick,boock,dorentrup,bergweiler,,dommitzsch,darlingerode,beringstedt,bleicherode
,bad-wurzach,bad-wiessee,,gartz,,,eiterfeld,barenburg,borgerende-rethwisch,dormagen,bernkastel-kues,,dorfchemnitz,derenburg,berkenthin,bobeck
,bahlingen,bad-windsheim,,gerdshagen,,,eltville,barendorf,borkow,dorsten,bettenfeld,,dorfhain,dessau,beschendorf,bocka
,baienfurt,baierbrunn,,gerswalde,,,elz,bargstedt,born,dortmund,bettingen,,drebach,deuben,besdorf,bockelnhagen
,baiersbronn,baiersdorf,,glienicke,,,eppertshausen,barnstedt,borrentin,dreierwalde,betzdorf,,dresden,diesdorf,bevern,bockstadt
,baindt,bamberg,,golssen,,,eppstein,barnstorf,borzow,drensteinfurt,biebelnheim,,durrhennersdorf,dieskau,bilsen,bodelwitz
,balgheim,barbing,,golzow,,,erbach,barsinghausen,brandshagen,drolshagen,billigheim-ingenheim,,durrrohrsdorf,dietrichsdorf,bimohlen,bohlen
,balingen,barnau,,goritz,,,erlensee,barssel,bredenfelde,duisburg,bingen-am-rhein,,ebersbach,ditfurt,bissee,bollberg
,ballendorf,bastheim,,gorzke,,,erzhausen,barum,breege,dulmen,binningen,,ehrenfriedersdorf,doblitz,blekendorf,bornhagen
,baltmannsweiler,baunach,,graben,,,eschborn,barver,breesen,duren,binsfeld,,eibau,dolbau,bliestorf,borxleben
,balzfeld,bayerisch,,gramzow,,,eschwege,barwedel,breest,dusseldorf,birkenfeld,,eibenstock,dollnitz,blomesche-wildnis,bosleben-wullersleben
,bammental,bayreuth,,gransee,,,espenau,basdahl,brenz,eil,birkenheide,,eichigt,domersleben,blumenthal,bothenheilingen
,barenthal,bellenberg,,groden,,,felsberg,bassum,briggow,eitorf,birken-honigsessen,,eilenburg,domnitz,blunk,brahmenau
,bartholoma,benediktbeuern,,gross-koris,,,flieden,bawinkel,brobberow,elsdorf,birkenhordt,,ellefeld,droyssig,boel,braunichswalde
,beilstein,beratzhausen,,gross-kreutz,,,florsheim,beckdorf,broderstorf,emmerich,birkweiler,,elsnig,drubeck,bohmstedt,braunsdorf
,beimerstetten,berching,,gross-lindow,,,florstadt,beckedorf,bruel,emsdetten,birlenbach,,elsterberg,ebendorf,bohnhusen,brehme
,bempflingen,berchtesgaden,,gross-pankow,,,frankenau,beckeln,brunn,engelskirchen,birresborn,,elstertrebnitz,eckartsberga,bokel,breitenbach
,benningen-am-neckar,berg,,grossbeeren,,,frankenberg,beedenbostel,brunow,enger,bischheim,,elstra,edderitz,bokelrehm,breitenhain
,bergatreute,bergen,,grossderschau,,,frankfurt-niederrad,beesten,brunzow,ennepetal,bitburg,,elterlein,edersleben,bokholt-hanredder,breitenworbis
,berghaupten,bergkirchen,,grosskmehlen,,,frankisch-crumbach,bei-der-hohne,brusewitz,ennigerloh,bitzen,,eppendorf,egeln,boksee,breitungen
,berghulen,bergrheinfeld,,grossraschen,,,freiensteinau,beierstedt,buddenhagen,erftstadt,blankenrath,,erlau,eggersdorf,bollingstedt,bremsnitz
,berkheim,bergtheim,,grossthiemig,,,friedberg,belm,bugewitz,erkelenz,bleialf,,erlbach,eichenbarleben,bondelum,bretleben
,bermatingen,bernau-am-chiemsee,,grosswoltersdorf,,,friedewald,belum,buggenhagen,erkrath,bobenheim-am-berg,,espenhain,eickendorf,bonebuttel,brotterode
,bernau,bernhardswald,,grunewald,,,friedrichsdorf,bendestorf,bulow,erndtebruck,bobenheim-roxheim,,falkenau,eilsleben,bonningstedt,bruchstedt
,bernstadt,bernried,,grunheide,,,frielendorf,berge,burg-stargard,erwitte,bobingen,,falkenhain,elbingerode,boostedt,bruheim
,besigheim,betzigau,,guben,,,fritzlar,bergen,burow,eschweiler,bochingen,,falkenstein,elster,bordelum,bucha
,betzenweiler,biberbach,,guhrow,,,fronhausen,bergen-an-der-dumme,buschvitz,eslohe,bockenau,,floha,erdeborn,bordesholm,buchel
,beuren,biessenhofen,,gumtow,,,fulda,bergfeld,butow,espelkamp,bockenheim,,frankenberg,ermlitz,boren,buchfart
,beuron,bindlach,,guteborn,,,fuldatal,bersenbruck,butzow,essen,bodenheim,,frankenstein,erxleben,borgdorf-seedorf,bufleben
,biberach,bischberg,,halbe,,,furth,berumbur,cambs,euskirchen,bogel,,frankenthal,estedt,borgstedt,buhla
,biberach-an-der-riss,bischofsheim-an-der-rhon,,heiligengrabe,,,gedern,betheln,cammin,everswinkel,bohl-iggelheim,,frauenstein,farnstadt,borgsum,burgel
,bietigheim,bischofsmais,,heinersbruck,,,geisenheim,betzendorf,carlow,finnentrop,bolanden,,fraureuth,flechtingen,borgwedel,burgk
,bietigheim-bissingen,bischofswiesen,,hennigsdorf,,,gelnhausen,bevern,carpin,frechen,bollendorf,,freiberg,fleetmark,borm,burgwalde
,billigheim,bissingen,,herzberg,,,gemunden-an-der-wohra,beverstedt,colpin,freudenberg,bonefeld,,freital,flessau,bornholt,buttelstedt
,binau,blaichach,,hirschfeld,,,gengenbach,bienenbuttel,cramonshagen,frondenberg,boppard,,friedersdorf,forderstedt,bornhoved,buttlar
,bingen,bobingen,,hohen-neuendorf,,,gernsheim,bilshausen,crivitz,gangelt,bornheim,,frohburg,frankleben,bornsen,buttstadt
,binzen,bockhorn,,hohenbocka,,,gersfeld,binnen,dabel,geilenkirchen,bornich,,gablenz,freyburg,borsfleth,buttstedt
,birenbach,bodenkirchen,,hohenbucko,,,giessen,bippen,daberkow,geldern,borrstadt,,geising,friedersdorf,borstel-hohenraden,caaschwitz
,birkenfeld,bodenmais,,hohenfinow,,,gilserberg,bispingen,dahmen,gelsenkirchen,bosenbach,,geithain,friedrichsbrunn,borstorf,camburg
,bischweier,bodenwohr,,hohenleipisch,,,ginsheim-gustavsburg,bissendorf,dalkendorf,gescher,bottenbach,,gelenau,frose,bosau,christes
,bisingen,bodolz,,ihlow,,,gladenbach,bleckede,damerow,geseke,brachbach,,geringswalde,gadegast,bosbull,chursdorf
,bissingen-an-der-teck,bogen,,jacobsdorf,,,glashutten,blender,damm,gevelsberg,braubach,,gersdorf,gardelegen,bosdorf,clingen
,bitz,brannenburg,,jamlitz,,,glauburg,bliedersdorf,damshagen,gladbeck,brauneberg,,geyer,gatersleben,bothkamp,crawinkel
,blaubeuren,breitenbrunn,,janschwalde,,,gravenwiesbach,blomberg,dargelin,goch,breitenau,,glashutte,genthin,bovenau,creuzburg
,blaufelden,breitengussbach,,joachimsthal,,,grebenau,bockenem,dargen,grefrath,breitscheidt,,glaubitz,gerbstedt,braak,crimla
,blumberg,bruckberg,,juterbog,,,grebenhain,bockhorn,dargun,gremberghoven,bremm,,glauchau,gernrode,braderup,crispendorf
,bobingen-an-der-rems,bruck-in-der-oberpfalz,,karstadt,,,grebenstein,bockhorst,dassow,greven,bretzenheim,,goda,gerwisch,brammer,cursdorf
,boblingen,bruckmuhl,,kasel-golzig,,,greifenstein,bodenfelde,dechow,grevenbroich,brey,,gorlitz,geusa,bramstedtlund,dachwig
,bodelshausen,brunnthal,,ketzin,,,griesheim,bodensee,demen,gronau,briedel,,gornau,giersleben,brande-hornerkirchen,dankmarshausen
,bodman-ludwigshafen,bubenreuth,,kleinmachnow,,,grossalmerode,bodenwerder,demmin,gummersbach,brodenbach,,gornsdorf,gleina,brebel,deesbach
,bodnegg,buch,,kolkwitz,,,gross-bieberau,boffzen,dersekow,gutersloh,brohl-lutzing,,grimma,glindenberg,bredenbek,dermbach
,bohmenkirch,buchbach,,konigs-wusterhausen,,,grossenluder,bohme,dersenow,haan,bruchertseifen,,groitzsch,glothe,bredstedt,deuna
,bolheim,buchenbach,,kotzen,,,gross-gerau,bohmte,deyelsdorf,hagen,bruchhausen,,grossduben,gohrau,breiholz,dieterode
,boll,buchenberg,,kremmen,,,grosskrotzenburg,boitze,diedrichshagen,halle,bruchmuhlbach-miesau,,grossbardau,goldbeck,breitenberg,dillstadt
,bollen,buchlberg,,kroppen,,,gross-rohrheim,bokel,diekhof,hallenberg,bruchweiler-barenbach,,grossbothen,gommern,breitenburg,dingelstadt
,bollschweil,buchloe,,kyritz,,,gross-umstadt,bokensdorf,diestelow,haltern,brucken,,grossdubrau,gorzig,breitenfelde,dingsleben
,boms,buckenhof,,langewahl,,,gross-zimmern,bomlitz,dobbertin,halver,bruttig-fankel,,grossenhain,goseck,brekendorf,dippach
,bondorf,burgau,,lanz,,,grunberg,borger,domitz,hamm,bubenheim,,grossharthau,grafenhainichen,breklum,dittersdorf
,bonndorf-im-schwarzwald,burgberg,,lauchhammer,,,gudensberg,borkum,domsuhl,hamminkeln,buch,,grosshartmannsdorf,granschutz,brickeln,dobitschen
,bonnigheim,burgbernheim,,lawitz,,,guxhagen,borssum,dragun,harsewinkel,buchel,,grosshennersdorf,greppin,brinjahe,dobritschen
,bopfingen,burgebrach,,lebus,,,haiger,borstel,dranske,hattingen,buchenbeuren,,grosslehna,griesen,brodersby,dobritz
,borslingen,burghausen,,lebusa,,,haina,bosel,drechow,havixbeck,budenheim,,grossnaundorf,groben,brodersdorf,dollstadt
,bortlingen,burgheim,,leegebruch,,,hain-grundau,botersen,dreetz,heek,bullay,,grossolbersdorf,grobers,brokdorf,donndorf
,bosingen,burgkirchen-an-der-alz,,lenzen,,,hammersbach,bothel,dreschvitz,heiden,bundenbach,,grossposna,grobitz,brokstedt,dorndorf
,bottingen,burgkunstadt,,letschin,,,hanau-am-main,bovenden,ducherow,heiligenhaus,bundenthal,,grosspostwitz,grobzig,brothen,dornheim
,botzingen,burglengenfeld,,liebenwalde,,,hattersheim,brackel,duckow,heimbach,burgbrohl,,grossrohrsdorf,groeningen,brugge,doschnitz
,boxberg,burgoberbach,,lieberose,,,hatzfeld,brake,dummer,heinsberg,burgen,,grossruckerswalde,gross-ammensleben,brunsbuttel,dragensdorf
,brackenheim,burgsinn,,liepe,,,helsa,bramsche,dummerstorf,hellenthal,burgschwalbach,,grossschirma,gross-bornecke,brunsmark,dreba
,braunlingen,burgstadt,,lietzen,,,heppenheim-an-der-bergstrasse,bramstedt,duvier,hemer,burrweiler,,grossschonau,gross-quenstedt,brunstorf,dreitzsch
,braunsbach,burgthann,,lindenau,,,herborn,braunlage,eggesin,hennef,busenberg,,grossschweidnitz,gross-rodensleben,buchen,drobischau
,breisach-am-rhein,burkardroth,,lindow,,,herbstein,braunschweig,eichhorst,herdecke,caan,,grossweitzschen,gross-rosenburg,buchholz,drogen
,breitingen,burtenbach,,linthe,,,heringen,breddenberg,eixen,herford,carlsberg,,grunbach,gross-santersleben,buchhorst,drognitz
,breitnau,buttenheim,,lubben,,,herleshausen,breddorf,eldena,herne,clausen,,grunhain,grosskayna,budelsdorf,ebeleben
,bretten,buttenwiesen,,lubbenau,,,hesseneck,bremervorde,elmenhorst,herscheid,cochem,,grunhainichen,grosskorbetha,buhnsdorf,ebenheim
,bretzfeld,buxheim,,luckau,,,hessisch-lichtenau,brest,fahrenwalde,herten,contwig,,guttau,grosskugel,bullenkuhlen,ebenshausen
,bruchsal,cadolzburg,,luckenwalde,,,heuchelheim,brevorde,faulenrost,herzogenrath,daaden,,hahnichen,grossorner,bunsdorf,eberstedt
,bruhl,cham,,ludwigsfelde,,,heusenstamm,brietlingen,feldstadt,hiddenhausen,dachsenhausen,,hainewalde,gunthersdorf,bunsoh,ecklingerode
,bubsheim,chamerau,,lychen,,,hilders,brinkum,ferdinandshof,hilchenbach,dahlheim,,hainichen,gusten,burg,eckstedt
,buch-am-ahorn,chieming,,manschnow,,,hirschhorn,brockel,fincken,hilden,dahn,,halsbrucke,gutenberg,burg-auf-fehmarn,effelder
,buchen,coburg,,marienwerder,,,hirzenhain,brockum,finkenthal,hille,daleiden,,hammerbrucke,hadmersleben,busdorf,eichenberg
,buchenbach,creussen,,melchow,,,hochheim-am-main,brome,franzburg,holzwickede,dalheim,,hartenstein,halberstadt,busenwurth,eichstruth
,buggingen,dachau,,merzdorf,,,hochst-im-odenwald,bruchhausen-vilsen,friedland,horn-bad-meinberg,damflos,,hartha,haldensleben,busum,eineborn
,buhl,dasing,,mescherin,,,hofbieber,bruggen,friedrichsruhe,horstel,damscheid,,hartmannsdorf,halle,busumer-deichhausen,einhausen
,buhlertal,deggendorf,,meyenburg,,,hofgeismar,buchholz,fuhlendorf,horstmar,dannenfels,,hauswalde,halle-neustadt,christiansholm,eisenach
,buhlertann,deining,,michendorf,,,hofheim-am-taunus,buchholz-in-der-nordheide,gadebusch,hovelhof,dannstadt-schauernheim,,heidenau,harbke,dagebull,eisenberg
,buhlerzell,dettelbach,,milmersdorf,,,homberg,buckeburg,gagelow,hoxter,darscheid,,heidersdorf,harsleben,dageling,eisfeld
,burgrieden,diedorf,,mittenwalde,,,hosenfeld,bucken,gager,huckelhoven,dattenberg,,hermsdorf,harzgerode,dahme,elgersburg
,burgstetten,diespeck,,mixdorf,,,hunfeld,bueddenstedt,gammelin,huckeswagen,daun,,herrnhut,hassel,dahmker,elleben
,burladingen,diessen-am-ammersee,,muhlberg,,,hungen,buehren,ganzlin,huellhorst,dausenau,,hilbersdorf,hasselfelde,daldorf,ellersleben
,busingen,dietenhofen,,mullrose,,,idstein,buhren,garz,hunxe,daxweiler,,hirschfeld,havelberg,dalldorf,ellingshausen
,calw,dietersburg,,muncheberg,,,immenhausen,bulkau,gelbensande,hurtgenwald,deesen,,hirschfelde,hecklingen,damendorf,ellrich
,cleebronn,dietfurt,,munchehofe,,,jesberg,bunde,genzkow,hurth,deidesheim,,hochkirch,hedersleben,damlos,elxleben
,crailsheim,dietmannsried,,nauen,,,karben,burgdorf,gielow,ibbenburen,dellfeld,,hockendorf,helbra,dammfleth,emleben
,creglingen,dietramszell,,nennhausen,,,kassel,burweg,gingst,inden,dernau,,hohburg,hergisdorf,damp,empfertshausen
,daisendorf,dillingen-an-der-donau,,neu-zauche,,,kaufungen,butjadingen,gischow,iserlohn,dernbach,,hohenstein-ernstthal,hermsdorf,damsdorf,endschutz
,dauchingen,dingolfing,,neuenhagen,,,kefenrod,buxtehude,glasewitz,isselburg,derschen,,hohndorf,hettstedt,danischenhagen,erbenhausen
,dautmergen,dinkelsbuhl,,neuhardenberg,,,kelkheim,cadenberge,glasin,issum,dexheim,,hohnstein,heudeber,dannau,erfurt
,deckenpfronn,dinkelscherben,,neulewin,,,kelsterbach,calberlah,glasow,juchen,dichtelbach,,horka,hohenberg,dannewerk,ernstroda
,deggingen,dittelbrunn,,neuruppin,,,kiedrich,cappel,glewitz,julich,dickenschied,,hormersdorf,hohendodeleben,dassendorf,eschenbergen
,deilingen,dohlau,,neutrebbin,,,kirchhain,cappeln,glienke,kaarst,dieblich,,hoyerswerda,hohenmolsen,datgen,essbach
,deisslingen,donaustauf,,neuzelle,,,kirchheim,celle,glowe,kalkar,dienheim,,jahnsdorf,hohenthurm,delingsdorf,ettersburg
,deizisau,donauworth,,niederfinow,,,kirtorf,clausthal-zellerfeld,gneven,kall,dierdorf,,jesewitz,hohenwarsleben,dellstedt,etzelsrode
,denkendorf,dorfen,,niedergorsdorf,,,konigstein-im-taunus,clenze,gnevkow,kamen,diez,,johanngeorgenstadt,hohenwarthe,delve,etzleben
,denkingen,durach,,niemegk,,,korbach,cloppenburg,gnewitz,kamp-lintfort,dirmstein,,johstadt,hohnstedt,dersau,fambach
,denzlingen,durrwangen,,oderberg,,,korle,colnrade,gnoien,kempen,dittelsheim-hessloch,,kamenz,holleben,diekhusen-fahrstedt,ferna
,dettenhausen,ebelsbach,,oranienburg,,,kriftel,coppenbrugge,godendorf,kerpen,dittweiler,,kirchberg,holzdorf,dingen,finsterbergen
,dettighofen,ebensfeld,,ortrand,,,kronberg,coppengrave,godern,kevelaer,dohr,,kirschau,holzweissig,dobersdorf,flarchheim
,dettingen,ebermannstadt,,paulinenaue,,,kunzell,cramme,gohlen,kierspe,dolgesheim,,kitzen,hornhausen,dollerup,flurstedt
,dettingen-an-der-erms,ebersberg,,pawesin,,,lampertheim,cremlingen,gohren,kirchhundem,dommershausen,,kitzscher,horstdorf,dollrottfeld,fockendorf
,dettingen-unter-teck,ebersdorf,,peitz,,,langen,cuxhaven,gohren-lebbin,kirchlengern,donsieders,,klingenthal,hotensleben,dornick,frankendorf
,dielheim,eching,,perleberg,,,langenselbold,dahlem,golchen,klein-reken,dorn-durkheim,,klipphausen,hottendorf,dorphof,frankenhain
,dietenheim,eckersdorf,,pessin,,,langgons,dahlenburg,goldberg,kleve,dorrebach,,klitten,hoym,dorpling,frankenheim
,dietingen,effeltrich,,petershagen,,,laubach,dahlum,gorlosen,koeln,dorrenbach,,kodersdorf,huttenrode,drage,frankenroda
,dischingen,egenhofen,,pirow,,,laufdorf,damme,gormin,koeln-chorweiler,dorsheim,,konigsbruck,huy,drelsdorf,frauenpriessnitz
,ditzingen,eggenfelden,,plattenburg,,,lauterbach,damnatz,gottesgabe,koeln-kalk,dottesfeld,,konigsfeld,iden,duchelsdorf,frauensee
,dobel,eggolsheim,,plessa,,,lautertal,danndorf,gotthun,koeln-lindenthal,dreikirchen,,konigshain,ilberstedt,dunsum,frauenwald
,dogern,eggstatt,,podelzig,,,leun,dannenberg,grabow,koeln-muelheim,dreis,,konigstein,ilsenburg,duvensee,freienbessingen
,donaueschingen,eging,,potsdam,,,lich,dassel,grabowhofe,koeln-nippes,dreis-bruck,,konigswalde,irxleben,eckernforde,freienhagen
,donzdorf,egling,,premnitz,,,liebenau,dedelstorf,grambin,koeln-rodenkirchen,dreisen,,konigswartha,javenitz,ecklak,freienorla
,dormettingen,ehekirchen,,prenzlau,,,liederbach,deensen,grambow,konigswinter,dudeldorf,,kossa,jeggau,eddelak,fretterode
,dornhan,eibelstadt,,pritzwalk,,,limburg-an-der-lahn,deinste,gramkow,korschenbroich,dudenhofen,,krauschwitz,jeggeleben,eggebek,friedelshausen
,dornstadt,eichenau,,protzel,,,lindenfels,deinstedt,grammendorf,kranenburg,dumpelfeld,,kreischa,jerchel,eggstedt,friedersdorf
,dornstetten,eichenbuhl,,putlitz,,,lohfelden,delligsen,grammentin,krefeld,dungenheim,,kriebstein,jerichow,ehndorf,friedrichroda
,dorzbach,eichendorf,,rangsdorf,,,lohnberg,delmenhorst,grammow,kreuzau,dunzweiler,,krostitz,jessen,einhaus,friedrichsthal
,dossenheim,eichstatt,,rathenow,,,lohra,derental,gransebieth,kreuztal,ebernhahn,,kubschutz,jessnitz,eisendorf,friedrichswerth
,dotternhausen,eiselfing,,rauen,,,lollar,dersum,granzin,kurten,ebertsheim,,kurort-gohrisch,jubar,ekenis,friemar
,dunningen,eisingen,,rehfelde,,,lorsch,detern,grapzow,ladbergen,edenkoben,,kurort-jonsdorf,kakau,ellerau,frohnsdorf
,durbach,elfershausen,,reichenwalde,,,lutzelbach,dettum,grebbin,laer,edesheim,,kurort-oberwiesenthal,kalbe,ellerbek,frommstedt
,durbheim,ellingen,,reitwein,,,maintal,deutsch-evern,greifswald,lage,ediger-eller,,kurort-oybin,kamern,ellerdorf,frottstadt
,durchhausen,elsenfeld,,retzow,,,malsfeld,dickel,gresse,langenberg,ehlscheid,,lampertswalde,karsdorf,ellerhoop,gangloffsommern
,durlangen,eltmann,,rheinsberg,,,marburg-an-der-lahn,didderse,grevesmuhlen,langenfeld,einselthum,,langenbernsdorf,kassieck,ellhoft,gauern
,durmentingen,emmering,,rhinow,,,martinhagen,diekholzen,gribow,langerwehe,eisenberg,,laussig,kayna,ellingstedt,gebesee
,durmersheim,emskirchen,,rietz-neuendorf,,,melsungen,dielmissen,grieben,lanstrop,eitelborn,,laussnitz,kelbra,elmenhorst,gebstedt
,durnau,engelsberg,,roskow,,,mengerskirchen,diepholz,grimmen,legden,elkenroth,,lauter,kemberg,elmshorn,gehlberg
,dusslingen,erbendorf,,ruckersdorf,,,merenberg,dinklage,gross-dratow,leichlingen,ellenz-poltersdorf,,lawalde,klein-wanzleben,elpersbuttel,gehofen
,ebenweiler,erding,,rudnitz,,,merkenbach,dissen,gross-gievitz,lemgo,ellerstadt,,leisnig,klieken,elsdorf-westermuhlen,gehren
,eberbach,erdweg,,ruhland,,,messel,dohren,gross-godems,lengerich,elmstein,,lengefeld,klietz,elskop,geisa
,eberdingen,ergolding,,ruhstadt,,,michelstadt,dollbergen,gross-kelle,lennestadt,emmelshausen,,lengenfeld,kloden,embuhren,geisenhain
,eberhardzell,ergoldsbach,,ruthnick,,,mittenaar,dollern,gross-kiesow,leopoldshohe,emmerzhausen,,leubnitz,klostermansfeld,emkendorf,geisleden
,ebersbach-an-der-fils,erkheim,,sallgast,,,morfelden-walldorf,dornum,gross-kordshagen,leverkusen,engelstadt,,leubsdorf,klotze,emmelsbull-horsbull,geismar
,ebersbach-musbach,erlangen,,schenkenberg,,,morlenbach,dorpen,gross-krams,lichtenau,enkenbach-alsenborn,,leutersdorf,kockte,epenwohrden,georgenthal
,eberstadt,erlenbach-am-main,,schenkendobern,,,muehlheim-am-main,dorstadt,gross-laasch,lienen,enkirch,,lichtenberg,konnern,erfde,gera
,ebhausen,eschau,,schilda,,,munchhausen,dorum,gross-luckow,lindlar,eppelsheim,,lichtenstein,kothen,escheburg,geraberg
,ebringen,eschlkam,,schipkau,,,munster,dorverden,gross-miltzow,linnich,eppenbrunn,,lichtentanne,kotzschau,esgrus,gerbershausen
,edingen-neckarhausen,eslarn,,schlepzig,,,munzenberg,dotlingen,gross-mohrdorf,lippstadt,eppenrod,,liebstadt,krauschwitz,eutin,gernrode
,efringen-kirchen,essenbach,,schlieben,,,naumburg,drage,gross-molzahn,lohmar,erbes-budesheim,,limbach,kretzschau,fahrdorf,geroda
,egenhausen,estenfeld,,schonborn,,,neckarsteinach,drakenburg,gross-nemerow,lotte,erdesbach,,limbach-oberfrohna,kroppenstedt,fahren,gerstenberg
,egesheim,ettringen,,schoneberg,,,nentershausen,drangstedt,gross-niendorf,lubbecke,erfweiler,,lobau,kropstadt,fahrenkrug,gerstungen
,eggenstein-leopoldshafen,euerbach,,schonefeld,,,neu-anspach,dransfeld,gross-plasten,ludenscheid,erpel,,lobnitz,krumpa,fargau-pratjau,gerterode
,eggingen,eurasburg,,schoneiche,,,neuental,drentwede,gross-polzin,ludinghausen,erpolzheim,,lobstadt,kuhfelde,fedderingen,gertewitz
,ehingen,eussenheim,,schonermark,,,neuhof,drestedt,gross-roge,lugde,erzenhausen,,lohmen,kusey,felde,geschwenda
,ehningen,fahrenzhausen,,schonewalde,,,neu-isenburg,driftsethe,gross-schwiesow,lunen,eschbach,,lohsa,labejum,felm,gierstadt
,eichstegen,falkenberg,,schraden,,,neukirchen,drochtersen,gross-siemz,marienheide,essenheim,,lommatzsch,labrun,fiefbergen,gillersdorf
,eichstetten,falkenstein,,schulzendorf,,,neustadt,dudenbuttel,gross-stieten,marl,essingen,,lossnitz,landsberg,fitzbek,glasehausen
,eigeltingen,farchant,,schwarzbach,,,nidda,duderstadt,gross-teetzleben,marsberg,esthal,,lugau,langeln,fitzen,gleichamberg
,eimeldingen,faulbach,,schwarzheide,,,nidderau,duingen,gross-wokern,mechernich,ettringen,,lunzenau,langenbogen,fleckeby,gneus
,eisenbach,feilitzsch,,schwedt,,,niedenstein,dunsen,gross-wustenfelde,meckenheim,etzbach,,machern,langendorf,flensburg,gohren
,eisingen,feldafing,,seelow,,,niederaula,dunum,grunow,medebach,eusserthal,,malschwitz,langeneichstadt,flintbek,gohrendohlen
,eislingen,feldkirchen,,senftenberg,,,niederdorfelden,ebergotzen,gultz,meerbusch,fachbach,,marienberg,langenstein,fockbek,goldbach
,ellenberg,feldkirchen-westerham,,sonnenberg,,,niedernhausen,eberholzen,gulzow,meinerzhagen,faid,,markersbach,laucha,fohrden-barl,goldisthal
,ellhofen,feucht,,sonnewalde,,,oberaula,ebersdorf,gustrow,menden,farschweiler,,markersdorf,lebien,fredesdorf,gollingen
,ellwangen,feuchtwangen,,spreenhagen,,,ober-morlen,ebstorf,gutow,meschede,fehl-ritzhausen,,markkleeberg-west,leetza,freienwill,gollnitz
,elzach,finsing,,spremberg,,,ober-ramstadt,echem,gutzkow,metelen,feilbingert,,markneukirchen,leissling,fresendelf,golmsdorf
,emeringen,fischach,,stahnsdorf,,,obertshausen,edemissen,hagenow,mettingen,fell,,markranstadt,leitzkau,frestedt,gompertshausen
,emerkingen,fischbachau,,steinhofel,,,oberursel,edewecht,hanshagen,mettmann,ferschweiler,,meerane,letzlingen,friedrichsholm,gopfersdorf
,emmendingen,flintsbach,,storkow,,,offenbach,egestorf,heinrichsruh,minden,fischbach,,mehltheuer,leuna,friedrichskoog,gorkwitz
,emmingen-liptingen,floss,,straupitz,,,ortenberg,eggermuhlen,heinrichswalde,moers,flacht,,meissen,lieskau,friedrichstadt,gorsbach
,empfingen,forchheim,,strausberg,,,ottrau,ehrenburg,helpt,mohnesee,flammersfeld,,mildenau,lindau,friedrich-wilhelm-lubke-koog,gorsleben
,endingen,foritz,,tantow,,,petersberg,eickeloh,herzberg,monchengladbach,fliessem,,mittelherwigsdorf,lindstedt,fuhlendorf,goschitz
,engelsbrand,forstinning,,tauche,,,pfungstadt,eicklingen,hiddensee,monheim,flomborn,,mittweida,listerfehrda,fuhlenhagen,gosen
,engen,frammersbach,,tauer,,,philippsthal,eime,hinrichshagen,monschau,flonheim,,mochau,loberitz,galmsbull,gossel
,eningen-unter-achalm,frasdorf,,teltow,,,poppenhausen,eimen,hintersee,morsbach,fluterschen,,mockrehna,loburg,gammelby,gossitz
,ennetach,frauenau,,templin,,,rabenau,eimke,hohen-demzin,much,fohren,,moritzburg,lochau,garding,gossnitz
,enzklosterle,fraunberg,,tettau,,,ranstadt,einbeck,hohen-pritz,muelheim-an-der-ruhr,framersheim,,mucka,lostau,gaushorn,gosswitz
,epfenbach,freilassing,,teupitz,,,rasdorf,eisdorf-am-harz,hohen-sprenz,muenster,frankeneck,,mugeln,luderitz,geesthacht,gotha
,epfendorf,freising,,trebbin,,,raunheim,elbe,hohen-viecheln,nachrodt-wiblingwerde,frankenstein,,muhlau,luftkurort-arendsee,gelting,grabsleben
,eppelheim,frensdorf,,treplin,,,rauschenberg,elbingerode,hohen-wangelin,netphen,frankenthal,,muhltroff,lutzen,geltorf,grafenhain
,eppingen,freudenberg,,treuenbrietzen,,,reichelsheim,eldingen,hohenbollentin,nettersheim,frankweiler,,mulda,magdeburg,geschendorf,grafenroda
,erbach,freystadt,,triglitz,,,reinheim,elmlohe,hohendorf,nettetal,freckenfeld,,mulsen,mansfeld,gettorf,grafenthal
,erdmannhausen,freyung,,trobitz,,,reiskirchen,elsdorf,hohenmocker,neuenkirchen,frei-laubersheim,,mutzschen,mechau,giekau,greiz
,eriskirch,fridolfing,,tschernitz,,,riedstadt,elsfleth,hohenzieritz,neuenrade,freilingen,,mylau,mehringen,glasau,greussen
,erkenbrechtsweiler,friedberg,,velten,,,rimbach,elze,holldorf,neunkirchen,freinsheim,,narsdorf,meitzendorf,glinde,griefstedt
,erlenbach,frontenhausen,,vetschau,,,rockenberg,embsen,holthusen,neuss,freirachdorf,,naundorf,merseburg,glucksburg,grimmelshausen
,erlenmoos,fuerstenfeldbruck,,vogelsang,,,rodenbach,emden,hoort,nideggen,freisbach,,naunhof,mertendorf,gluckstadt,grobengereuth
,erligheim,furstenstein,,waldsieversdorf,,,rodgau,emlichheim,hoppenrade,niederkassel,freudenburg,,nauwalde,mieste,gnutz,grossbartloff
,erolzheim,furstenzell,,walsleben,,,romrod,emmendorf,hornstorf,niederkruchten,friedelsheim,,nebelschutz,miesterhorst,goel,grossbockedra
,ertingen,furth,,wandlitz,,,ronshausen,emsburen,hugoldsdorf,niederzier,friedewald,,nerchau,mockern,gokels,grossbodungen
,eschach,furth-im-wald,,weisen,,,rosbach-vor-der-hohe,emstek,hulseburg,nieheim,friesenhagen,,neschwitz,mohlau,goldebek,grossbreitenbach
,eschelbronn,fussen,,welzow,,,rosenthal,emtinghausen,iven,nordkirchen,furfeld,,netzschkau,moser,goldelund,grossbrembach
,eschenbach,gablingen,,wendisch-rietz,,,rossdorf,engden,ivenack,nordwalde,furthen,,neuensalz,mucheln,goldenitz,grossenehrich
,essingen,gaimersheim,,wenzlow,,,rotenburg-an-der-fulda,engeln,jabel,norvenich,fussgonheim,,neugersdorf,muhlanger,goltoft,grossengottern
,esslingen,gaissach,,werben,,,rothenberg,engelschoff,jakobsdorf,nottuln,gabsheim,,neuhausen,muldenstein,gonnebek,grossensee
,ettenheim,gangkofen,,werder,,,rudesheim-am-rhein,erkerode,jarmen,numbrecht,gau-algesheim,,neukieritzsch,muschwitz,goosefeld,grossenstein
,ettlingen,garching-bei-munchen,,werftpfuhl,,,runkel,esche,jatznick,oberhausen,gau-bickelheim,,neukirch,nachterstedt,grabau,grosseutersdorf
,eutingen,garching-an-der-alz,,werneuchen,,,russelsheim,eschede,jesendorf,ochtrup,gau-bischofsheim,,neukirch-lausitz,nauendorf,grambek,grossfahner
,fahrenbach,garmisch-partenkirchen,,wiesenau,,,schaafheim,eschershausen,jordenstorf,odenthal,gau-odernheim,,neukirchen,naumburg,grande,grossheringen
,feldberg,gars,,wiesenburg,,,schenklengsfeld,esens,jurgenshagen,oelde,gau-weinheim,,neumark,nebra,grauel,grosslobichau
,fellbach,gauting,,wittenberge,,,schlangenbad,essel,jurgenstorf,oer-erkenschwick,gebhardshain,,neusalza-spremberg,neinstedt,grebin,grossmolsen
,fichtenberg,gefrees,,wittstock,,,schlitz,essen,kalkhorst,oerlinghausen,geiselberg,,neustadt-in-sachsen,nemsdorf,gremersdorf,grossmonra
,filderstadt,geiselhoring,,wollin,,,schluchtern,esterwegen,kamminke,olfen,gemunden,,neustadt-vogtland,nessa,grevenkop,grossneuhausen
,fischerbach,geisenfeld,,woltersdorf,,,schmitten,estorf,karenz,olpe,gensingen,,niederau,neue-neustadt,grevenkrug,grossobringen
,fischingen,geisenhausen,,wriezen,,,schoeffengrund,everode,kargow,olsberg,germersheim,,niedercunnersdorf,neundorf,gribbohm,grosspurschutz
,flein,geltendorf,,wusterhausen,,,schotten,evessen,karlshagen,opladen,gerolsheim,,niederdorf,neutz,grinau,grossroda
,fleischwangen,gemunden,,wustermark,,,schrecksbach,eydelstedt,karnin,ostbevern,gerolstein,,niederfrohna,niederndodeleben,grodersby,grossrudestedt
,forbach,georgensgmund,,wusterwitz,,,schwalbach,eyendorf,karrenzin,overath,gevenich,,niederschona,niemberg,gromitz,grossschwabhausen
,forchheim,gerbrunn,,zechin,,,schwalbach-am-taunus,eystrup,karstadt,paderborn,gieleroth,,niederstriegis,nienburg,gronwohld,grossvargula
,forchtenberg,geretsried,,zehdenick,,,schwalmstadt,fallingbostel,kassow,petershagen,gillenfeld,,niederwiesa,nudersdorf,gross-boden,grub
,forst,germering,,zeuthen,,,schwalmtal,farven,katzow,plettenberg,gimbsheim,,niesky,oberroblingen,gross-buchwald,gumperda
,freiberg-am-neckar,geroldsgrun,,zichow,,,schwarzenborn,fassberg,kavelstorf,porta-westfalica,girod,,nossen,obhausen,gross-gronau,gunserode
,freiburg,gerolsbach,,ziesar,,,seeheim-jugenheim,fedderwarden,kemnitz,preussisch-oldendorf,glan-munchweiler,,nunchritz,oebisfelde,gross-kummerfeld,gunstedt
,freudenberg,gerolzhofen,,ziltendorf,,,seligenstadt,filsum,kessin,pulheim,gleiszellen-gleishorbach,,obercunnersdorf,oppin,gross-niendorf,guthmannshausen
,freudenstadt,gersthofen,,zossen,,,selters,fintel,kieve,radevormwald,gocklingen,,obergurig,oranienbaum,gross-nordende,hachelbich
,freudental,gessertshausen,,,,,sinn,firrel,kirch-jesar,raesfeld,gollheim,,oberlichtenau,oschersleben,gross-offenseth-aspern,haina
,frickenhausen,giebelstadt,,,,,solms,flogeln,kirch-mulsow,rahden,gommersheim,,oberlungwitz,osterburg,gross-pampau,hainichen
,frickingen,gilching,,,,,sontra,flothe,kittendorf,ratingen,gondershausen,,oberschona,osterfeld,gross-rheide,hainspitz
,fridingen-an-der-donau,glattbach,,,,,spangenberg,frankenfeld,klausdorf,recke,gonnheim,,oberwiera,osterhausen,gross-ronnau,hallungen
,friedenweiler,glonn,,,,,stadtallendorf,freden,klein-belitz,recklinghausen,gorgeshausen,,oederan,osternienburg,gross-sarau,hamma
,friedrichshafen,gmund-am-tegernsee,,,,,staufenberg,freiburg,klein-bunzow,rees,gossersweiler-stein,,oelsnitz,osterwieck,gross-schenkenberg,hammerstedt
,friolzheim,gochsheim,,,,,steinau-an-der-strasse,freistatt,klein-kussewitz,remscheid,greimerath,,ohorn,peckfitz,gross-vollstedt,hardisleben
,frittlingen,goldbach,,,,,steinbach-am-taunus,frellstedt,klein-luckow,rheda-wiedenbruck,greimersburg,,olbernhau,peissen,gross-wittensee,hartmannsdorf
,furtwangen,goldkronach,,,,,stockstadt-am-rhein,frelsdorf,klein-lukow,rhede,gries,,olbersdorf,petersberg,grossbarkau,harzungen
,gaggenau,gossweinstein,,,,,sulzbach,freren,klein-rogahn,rheinbach,grolsheim,,oppach,plossig,grossenaspe,hassleben
,gaiberg,graben,,,,,tann,fresenburg,klein-trebbow,rheinberg,grossfischlingen,,oschatz,plotz,grossenbrode,hausen
,gaienhofen,grabenstatt,,,,,taunusstein,friedeburg,klein-upahl,rheine,grossholbach,,ossling,plotzkau,grossenrade,haussommern
,gaildorf,grafelfing,,,,,trebur,friedland,klein-vielen,rheurdt,grosskarlbach,,ostrau,plotzky,grossensee,hauteroda
,gailingen,grafenau,,,,,trendelburg,friesoythe,kletzin,rietberg,grosslittgen,,ostritz,polleben,grossenwiehe,haynrode
,gammelshausen,grafenberg,,,,,udenhausen,furstenau,klink,rodinghausen,grossmaischeid,,ottendorf-okrilla,pouch,grosshansdorf,heichelheim
,gammertingen,grafenrheinfeld,,,,,ulrichstein,furstenberg,klocksin,roetgen,grossniedesheim,,otterwisch,prettin,grossharrie,heilbad-heiligenstadt
,gartringen,grafenwohr,,,,,unter-abtsteinach,ganderkesee,kluis,rommerskirchen,grunstadt,,panschwitz-kuckau,pretzier,grosssolt,heldrungen
,gechingen,grafing-bei-munchen,,,,,usingen,gandesbergen,klutz,rosendahl,guckheim,,pausa,pretzsch,grove,hellingen
,geisingen,grafrath,,,,,vellmar,garbsen,knorrendorf,rosrath,guckingen,,pegau,prittitz,groven,helmsdorf
,geislingen,grainau,,,,,viernheim,garbsen-mitte,koblentz,ruppichteroth,gullesheim,,penig,quedlinburg,grube,hemleben
,geislingen-an-der-steige,grasbrunn,,,,,villmar,garlstorf,kobrow,ruthen,gundersheim,,pfaffroda,queis,grundhof,henfstadt
,gemmingen,grassau,,,,,vohl,garrel,kochelstorf,saerbeck,gundheim,,pirna,quellendorf,guby,henneberg
,gemmrigheim,greding,,,,,volkmarsen,garstedt,kogel,salzkotten,guntersblum,,plauen,querfurt,gudendorf,henschleben
,gerabronn,grettstadt,,,,,wabern,gartow,kolzin,sankt-augustin,gusenburg,,pobershau,radegast,gudow,herbsleben
,gerlingen,grobenzell,,,,,wachtersbach,geeste,korchow,sassenberg,gusterath,,pockau,rademin,gulzow,heringen
,gernsbach,grossaitingen,,,,,waldbrunn,gehrde,korswandt,schalksmuhle,gutenberg,,pohl,radis,guster,hermsdorf
,gerstetten,grosshabersdorf,,,,,waldeck,gehrden,koserow,schermbeck,gutweiler,,pohla,raguhn,haale,heroldishausen
,giengen-an-der-brenz,grossheirath,,,,,waldems,georgsdorf,krackow,schieder-schwalenberg,hachenburg,,porschdorf,ramsin,haby,herpf
,gingen-an-der-fils,grossheubach,,,,,waldkappel,georgsmarienhutte,krakow-am-see,schlangen,hackenheim,,pretzschendorf,rassnitz,hadenfeld,herrenhof
,glatten,grosskarolinenfeld,,,,,wald-michelbach,gerdau,kramerhof,schleiden,hagenbach,,priestewitz,rehsen,hagen,herrmannsacker
,goggingen,grossostheim,,,,,walluf,gersten,kratzeburg,schloss-holte-stukenbrock,hahnenbach,,puschwitz,reichardtswerben,halstenbek,herrnschwende
,gomadingen,grosswallstadt,,,,,wanfried,getelo,kreien,schmallenberg,hahnheim,,quitzdorf,reussen,hamberge,herschdorf
,gomaringen,grub,,,,,wehrheim,gevensleben,krembz,schoppingen,hahnstatten,,rabenau,rieder,hamdorf,hetschburg
,gondelsheim,grunwald,,,,,weilburg,geversdorf,kremmin,schwalmtal,hainfeld,,rackelwitz,riesigk,hammoor,heukewalde
,goppingen,gundelfingen,,,,,weilmunster,gieboldehausen,krien,schwelm,hallgarten,,rackwitz,riestedt,hamwarde,heuthen
,gorwihl,gundelsheim,,,,,weinbach,gielde,kriesow,schwerte,halsenbach,,radeberg,roblingen-am-see,hamweddel,heyerode
,gosheim,guntersleben,,,,,weiterstadt,giesen,kritzmow,selm,hambuch,,radebeul,rochau,handewitt,heyersdorf
,gottenheim,gunzburg,,,,,wetter,gifhorn,kropelin,senden,hamm,,radeburg,rodleben,hanerau-hademarschen,heygendorf
,gottmadingen,gunzenhausen,,,,,wetzlar,gilten,kroslin,sendenhorst,hanhofen,,radibor,rogatz,hardebek,hilbersdorf
,graben-neudorf,haag,,,,,wiesbaden,gittelde,kruckow,siegburg,hanroth,,rammenau,rohrberg,harmsdorf,hildburghausen
,grabenstetten,haag-in-oberbayern,,,,,willingen,glandorf,krugsdorf,siegen,hardert,,raschau,roitzsch,harrislee,hildebrandshausen
,grafenhausen,haar,,,,,willingshausen,gnarrenburg,krukow,simmerath,hargesheim,,rathmannsdorf,rossla,hartenholm,hirschfeld
,grenzach-wyhlen,hahnbach,,,,,witzenhausen,godenstorf,krummin,sinnersdorf,hartenfels,,rechenberg-bienenmuhle,rosslau,haselau,hohenfelden
,griesingen,haibach,,,,,wolfersheim,goldenstedt,krusenfelde,soest,harthausen,,regis-breitingen,rothenburg,haseldorf,hohengandern
,grossbettlingen,haimhausen,,,,,wolfhagen,golenkamp,krusenhagen,solingen,harxheim,,reichenbach,rottleberode,haselund,hohenkirchen
,grossbottwar,halblech,,,,,zierenberg,golmbach,kublank,sonsbeck,haschbach-am-remigiusberg,,reichenbach-vogtland,rubeland,hasenkrug,hohenleuben
,grosselfingen,haldenwang,,,,,zwingenberg,gorleben,kuchelmiss,spenge,hassloch,,reinhardtsgrimma,sachau,hasenmoor,hohenolsen
,grosserlach,halfing,,,,,,goslar,kuhs,sprockhovel,hattert,,reinsberg,salzmunde,hasloh,hohenwarte
,grossrinderfeld,hallbergmoos,,,,,,gottingen,kuhstorf,stadtlohn,hatzenbuhl,,reinsdorf,salzwedel,hassmoor,holungen
,gruibingen,hallerndorf,,,,,,grafhorst,kummerow,steinfurt,hatzenport,,remse,samswegen,hattstedt,holzsussra
,grundsheim,hallstadt,,,,,,grasberg,laage,steinhagen,hauenstein,,reuth,sandau,hattstedtermarsch,hopfgarten
,grunkraut,hammelburg,,,,,,grasleben,lalendorf,steinheim,hauptstuhl,,riesa,sandersdorf,havekost,hornsommern
,grunsfeld,happurg,,,,,,grethem,lambrechtshagen,stolberg,hausen,,rietschen,sandersleben,havetoft,horselgau
,gschwend,harburg,,,,,,gronau,lancken-granitz,straelen,heidenburg,,rittersgrun,sangerhausen,havetoftloit,hummelshain
,guggenhausen,hassfurt,,,,,,gross-berssen,langen-brutz,sudlohn,heidesheim,,rochlitz,schafstadt,hedwigenkoog,humpfershausen
,guglingen,haundorf,,,,,,grossenkneten,langen-jarchow,sundern,heilberscheid,,rodewisch,schermen,heede,hundeshagen
,gundelfingen,hausen,,,,,,grossenworden,langhagen,tecklenburg,heiligenmoschel,,rossau,schkona,heide,hundhaupten
,gundelsheim,hausham,,,,,,grossgoltern,lankow,telgte,heiligenroth,,rosswein,schkopau,heidekamp,ichstedt
,gunningen,hauzenberg,,,,,,gross-ippener,lapitz,titz,heimbach,,rotha,schlaitz,heidgraben,ichtershausen
,gutach,hebertsfelden,,,,,,gross-meckelsen,larz,tonisvorst,heistenbach,,rothenburg,schneidlingen,heidmoor,ifta
,gutach-im-breisgau,hebertshausen,,,,,,gross-munzel,lassan,troisdorf,helferskirchen,,sankt-egidien,schochwitz,heidmuhlen,ilfeld
,gutenbach,heideck,,,,,,gross-oesingen,leezen,ubach-palenberg,hellenhahn-schellenberg,,sayda,schonburg,heikendorf,ilmenau
,gutenzell-hurbel,heiligenstadt,,,,,,gross-twulpstedt,lehsen,uedem,helmenzen,,scharfenstein,schonebeck,heiligenhafen,immelborn
,hagnau,heilsbronn,,,,,,grunendeich,leizen,unna,heltersberg,,scheibenberg,schonhausen,heiligenstedten,ingersleben
,haigerloch,heimenkirch,,,,,,guderhandviertel,lelkendorf,velbert,hennweiler,,schildau,schraplau,heiligenstedtenerkamp,isseroda
,haiterbach,helmbrechts,,,,,,gyhum,leopoldshagen,velen,herdorf,,schirgiswalde,schutzberg,heilshoop,issersheilingen
,hambrucken,hemau,,,,,,hademstorf,leussow,verl,herforst,,schkeuditz,schwanebeck,heinkenborstel,jena
,hardheim,hemhofen,,,,,,haenigsen,levenhagen,versmold,hermersberg,,schlegel,seehausen,heist,jenalobnitz
,hardt,hengersberg,,,,,,hage,lewenberg,vettweiss,hermeskeil,,schleife,seethen,helgoland,jonaswalde
,hartheim,heroldsbach,,,,,,hagen-am-teuteburger-wald,liepen,viersen,herrstein,,schlema,sennewitz,hellschen-heringsand-unterschaar,juchsen
,hasel,heroldsberg,,,,,,hagenburg,liepgarten,vlotho,herschberg,,schlettau,seyda,helmstorf,juckelberg
,haslach,herrieden,,,,,,hagen-im-bremischen,lietzow,voerde,herschweiler-pettersheim,,schmiedeberg,sichau,helse,judenbach
,hassmersheim,herrsching-am-ammersee,,,,,,hagermarsch,lindenberg,vreden,herxheim-am-berg,,schneeberg,siersleben,hemdingen,jutzenbach
,hattenhofen,hersbruck,,,,,,hahausen,lobnitz,wachtberg,hessheim,,schonau-berzdorf,solpke,hemme,kahla
,hausach,herzogenaurach,,,,,,halbemond,locknitz,wachtendonk,hettenleidelheim,,schonbach,sommersdorf,hemmingstedt,kalbsrieth
,hausen,hessdorf,,,,,,halle,lockwisch,wadersloh,hettenrodt,,schonberg,sossen,hennstedt,kallmerode
,hausern,hettstadt,,,,,,halvesbostel,loddin,waldbrol,hetzerath,,schoneck,spergau,henstedt-ulzburg,kaltenlengsfeld
,hayingen,hilgertshausen-tandern,,,,,,hambergen,lohme,waldfeucht,heuchelheim-bei-frankenthal,,schonfeld,stapelburg,heringsdorf,kaltennordheim
,hechingen,hilpoltstein,,,,,,hambuhren,lohmen,waltrop,heuchelheim-klingen,,schonheide,stassfurt,herzhorn,kaltensundheim
,heddesbach,himmelkron,,,,,,hamelhausen,loissin,warburg,hilgert,,schwarzenberg,stedten,hetlingen,kaltenwestheim
,heddesheim,hirschaid,,,,,,hameln,loitz,warendorf,hillesheim,,schwepnitz,steigra,hitzhusen,kammerforst
,heidelberg,hirschau,,,,,,hamersen,lubberstorf,warstein,hillscheid,,sebnitz,steinitz,hochdonn,kamsdorf
,heidenheim-an-der-brenz,hochberg,,,,,,hammah,lubesse,wassenberg,hinterweidenthal,,seelitz,stendal,hodorf,kannawurf
,heilbronn,hochstadt-an-der-aisch,,,,,,handeloh,lublow,weeze,hochdorf-assenheim,,seiffen,stolberg,hoffeld,kapellendorf
,heiligenberg,hochstadt-an-der-donau,,,,,,handorf,lubmin,wegberg,hochspeyer,,seifhennersdorf,stossen,hogel,karlsdorf
,heiligkreuzsteinach,hof,,,,,,handrup,lubow,weilerswist,hochstadt,,sohland,strobeck,hogersdorf,katharinenberg
,heimsheim,hofheim-in-unterfranken,,,,,,hankensbuttel,lubs,welver,hochstatten,,sohland-am-rotstein,suplingen,hogsdorf,katzhutte
,heiningen,hofkirchen,,,,,,hannoversch-munden,lubstorf,wenden,hochstenbach,,sosa,tangerhutte,hohenaspe,kauern
,heitersheim,hohenau,,,,,,hanstedt,lubtheen,werdohl,hochstetten-dhaun,,stadt-wehlen,tangermunde,hohenfelde,kaulsdorf
,hemmingen,hohenbrunn,,,,,,hanstedt-eins,lubz,werl,hof,,stauchitz,teicha,hohenhorn,kefferhausen
,hemsbach,hohenkirchen-siegertsbrunn,,,,,,harbarnsen,luckow,wermelskirchen,hoheinod,,steina,teuchern,hohenlockstedt,kehmstedt
,herbertingen,hohenlinden,,,,,,hardegsen,ludersdorf,werne,hoheischweiler,,steinigtwolmsdorf,teutschenthal,hohenwestedt,keila
,herbolzheim,hohenpeissenberg,,,,,,haren,ludorf,werther,hohfroschen,,stollberg,thale,hohn,kella
,herbrechtingen,hohenthann,,,,,,harmstorf,ludwigslust,wesel,hohn,,stolpen,thalheim,hohndorf,kiliansroda
,herdwangen-schonach,hollfeld,,,,,,harpstedt,luhburg,wesseling,hohr-grenzhausen,,strehla,theissen,hoisdorf,kindelbruck
,hermaringen,holzheim,,,,,,harsefeld,luhmannsdorf,westerkappeln,holler,,struppen,timmenrode,hollingstedt,kirchgandern
,herrenberg,holzkirchen,,,,,,harsum,lussow,wetter,holzappel,,stutzengrun,tollwitz,holm,kirchheilingen
,herrischried,hosbach,,,,,,hasbergen,lutheran,wettringen,holzhausen-an-der-haide,,syrau,trebitz,holstenniendorf,kirchheim
,hessigheim,hunderdorf,,,,,,haselunne,lutow,wickede,holzheim,,tannenberg,trebnitz,holt,kirchworbis
,hettingen,hutthurm,,,,,,hassbergen,lutzow,wiehl,hontheim,,tannenbergsthal,tucheim,holtsee,kirschkau
,heubach,ichenhausen,,,,,,hassel,malchin,willebadessen,hoppstadten-weiersbach,,taucha,uchtspringe,holzbunge,kleinbartloff
,heuchlingen,icking,,,,,,hassendorf,malchow,willich,horbach,,taura,uenglingen,holzdorf,kleinbockedra
,heuweiler,igensdorf,,,,,,haste,mallentin,wilnsdorf,hordt,,tauscha,uftrungen,honigsee,kleinbodungen
,hildrizhausen,ihrlerstein,,,,,,hatten,mallin,winterberg,horhausen,,thalheim,uichteritz,hornbek,kleinbrembach
,hilzingen,illertissen,,,,,,hattorf,malliss,wipperfurth,horingen,,thallwitz,ummendorf,horst,kleinebersdorf
,hinterzarten,immenstadt-im-allgau,,,,,,hauslingen,mandelshagen,witten,hornbach,,tharandt,unseburg,horstedt,kleineutersdorf
,hirrlingen,ingolstadt,,,,,,haverlah,marlow,wulfrath,horrweiler,,theuma,veckenstedt,horsten,kleinfurra
,hochdorf,inning-am-ammersee,,,,,,hechthausen,marnitz,wunnenberg,hottenbach,,thiendorf,vissum,horup,kleinmolsen
,hochenschwand,inzell,,,,,,hedeper,massow,wuppertal,huffelsheim,,thum,vockerode,hude,kleinneuhausen
,hockenheim,iphofen,,,,,,heede,mecklenburg,wurselen,hundsangen,,tirpersdorf,volkstedt,huje,kleinobringen
,hofen-an-der-enz,irschenberg,,,,,,heemsen,medow,xanten,hutschenhausen,,torgau,volpke,hummelfeld,kleinschwabhausen
,hofstetten,isen,,,,,,heere,meesiger,zulpich,idar-oberstein,,trebendorf,wahlitz,humptrup,kleinwelsbach
,hohberg,ismaning,,,,,,heerstedt,meiersberg,,igel,,trebsen,wallendorf,hurup,kleinwenden
,hohenstadt,jandelsbrunn,,,,,,heeslingen,mellenthin,,ilbesheim,,treuen,wallhausen,husum,klettbach
,hohentengen,jettingen-scheppach,,,,,,heessen,melz,,illerich,,triebel,wallstawe,huttblek,klettstedt
,holzgerlingen,jetzendorf,,,,,,hehlen,menzendorf,,impflingen,,trossin,wallwitz,hutten,klings
,holzkirch,johannesberg,,,,,,heidenau,mesekenhagen,,imsbach,,uhyst,wansleben,idstedt,klostervessra
,holzmaden,kahl-am-main,,,,,,heinade,mestlin,,insheim,,venusberg,wanzleben,immenstedt,knau
,hopfingen,kaisheim,,,,,,heinbockel,metelsdorf,,irmenach,,wachau,wasserleben,itzehoe,kodderitzsch
,horb-am-neckar,kalchreuth,,,,,,heiningen,mildenitz,,irmtraut,,waldenburg,weddersleben,itzstedt,kolleda
,horben,kallmunz,,,,,,heinsen,milow,,irrel,,waldheim,wefensleben,jagel,konigsee
,horgenzell,kammerstein,,,,,,hellwege,mirow,,irsch,,waldkirchen,weferlingen,jahrsdorf,konitz
,hornberg,karlsfeld,,,,,,helmstedt,mistorf,,isenburg,,wechselburg,wegeleben,janneby,korner
,horrenberg,karlshuld,,,,,,helpsen,mollenbeck,,jettenbach,,weinbohla,weissandt,jardelund,kospoda
,hosskirch,karlskron,,,,,,helvesiek,mollenhagen,,jockgrim,,weischlitz,weissenfels,jarplund-weding,kraftsdorf
,huffenhardt,karlstadt,,,,,,hemmingen,molln,,jugenheim,,weissenberg,wellen,jerrishoe,kraja
,hufingen,kastl,,,,,,hemmoor,molschow,,junkerath,,weissenborn,welsleben,jersbek,kranichfeld
,hugelsheim,kaufbeuren,,,,,,hemsbunde,moltzow,,kaden,,weissig,wernigerode,jevenstedt,krauthausen
,hulben,kaufering,,,,,,hemslingen,monchhagen,,kadenbach,,weisskeissel,westeregeln,joldelund,krautheim
,huttisheim,kelheim,,,,,,hemsloh,monkebude,,kaifenheim,,weisswasser,westerhausen,jorl,kreuzebra
,huttlingen,kemmern,,,,,,hepstedt,moraas,,kaisersesch,,werda,wethau,jubek,kriebitzsch
,ibach,kemnath,,,,,,hermannsburg,muchow,,kaiserslautern,,werdau,wetterzeube,juliusburg,krolpa
,iffezheim,kempten,,,,,,herzberg-am-harz,muhl-rosin,,kallstadt,,wermsdorf,wettin,kaaks,krombach
,igersheim,kiefersfelden,,,,,,herzlake,muhlen-eichsen,,kaltenengers,,wiedemar,wieblitz,kabelhorst,kromsdorf
,iggingen,kirchanschoring,,,,,,hesel,murchin,,kamp-bornhofen,,wiednitz,wiederstedt,kaltenkirchen,kronach
,ihringen,kirchberg,,,,,,hespe,mustin,,kandel,,wiesa,wimmelburg,kalubbe,kuhdorf
,illerrieden,kirchdorf,,,,,,hessisch-oldendorf,nadrensee,,kapellen-drusweiler,,wildenfels,wippra,kankelau,kuhndorf
,illingen,kirchdorf-am-inn,,,,,,heuerssen,neddemin,,kapsweyer,,wildenhain,wolfen,kappeln,kullstedt
,illmensee,kirchenlamitz,,,,,,heyen,neetzka,,kasbach-ohlenberg,,wilkau-hasslau,wolferode,karby,kurort-steinbach-hallenberg
,ilsfeld,kirchenthumbach,,,,,,heyersum,neetzow,,kasel,,wilsdruff,wolmirsleben,karlum,kutzleben
,ilshofen,kirchheim-bei-muenchen,,,,,,hildesheim,neu-bartelshagen,,kashofen,,wilthen,wolmirstedt,karolinenkoog,laasdorf
,ilvesheim,kirchroth,,,,,,hilgermissen,neu-boltenhagen,,kastellaun,,wittgensdorf,worlitz,kasseburg,langenorla
,immendingen,kirchseeon,,,,,,hilkenbrook,neu-gaarz,,katzenelnbogen,,wittichenau,wulfen,kasseedorf,langenwetzendorf
,immenstaad-am-bodensee,kissing,,,,,,hillerse,neu-gulze,,katzweiler,,wolkenstein,zahna,kastorf,langenwolschendorf
,ingelfingen,kitzingen,,,,,,hilter,neu-kaliss,,katzwinkel,,wulknitz,zappendorf,katharinenheerd,langewiesen
,ingoldingen,kleinheubach,,,,,,himbergen,neu-kosenow,,kaub,,wurzen,zeitz,kattendorf,langula
,inzigkofen,kleinostheim,,,,,,himmelpforten,neu-poserin,,kehrig,,zabeltitz,zemnick,kayhude,laucha
,inzlingen,kleinwallstadt,,,,,,hinte,neubrandenburg,,kelberg,,zettlitz,zerbst,kellenhusen,lauchroden
,irndorf,klingenberg-am-main,,,,,,hipstedt,neubukow,,kell,,zinna,zethlingen,kellinghusen,lauscha
,isny-im-allgau,knetzgau,,,,,,hittbergen,neuburg,,kempenich,,zittau,zielitz,kiebitzreihe,lauterbach
,ispringen,kochel,,,,,,hitzacker,neuendorf-a,,kempfeld,,zoblitz,zorbau,kiel,lederhose
,ittlingen,koditz,,,,,,hodenhagen,neuenkirchen,,kenn,,zschadrass,zorbig,kiesby,lehesten
,jagsthausen,kolbermoor,,,,,,hoerden,neukalen,,kerzenheim,,zschepplin,zornigall,kirchbarkau,lehnstedt
,jagstzell,kolitzheim,,,,,,hofer,neukloster,,kestert,,zschopau,zoschen,kirchnuchel,leimbach
,jestetten,kollnburg,,,,,,hohenhameln,neumuehle,,kettig,,zschorlau,zscherben,kisdorf,leinefelde
,jungingen,konigsbrunn,,,,,,hohnhorst,neustadt-glewe,,kindenheim,,zschortau,zscherndorf,kittlitz,lemnitz
,kaisersbach,konigsdorf,,,,,,holdorf,neustrelitz,,kinderbeuern,,zwenkau,zschornewitz,klamp,lengfeld
,kandern,konradsreuth,,,,,,holle,neverin,,kindsbach,,zwickau,,klanxbull,lenterode
,kanzach,kotzting,,,,,,hollen,nieden,,kinheim,,zwochau,,klappholz,leutenberg
,kappel-grafenhausen,kraiburg-am-inn,,,,,,hollenstedt,nienhagen,,kirchberg,,zwonitz,,klausdorf,leutenthal
,kappelrodeck,krailling,,,,,,hollnseth,niepars,,kirchen,,zwota,,klein-barkau,leutersdorf
,karlsdorf-neuthard,kreut,,,,,,holtland,nossendorf,,kirchheim-an-der-weinstrasse,,leipzig,,klein-bennebek,lichte
,karlsruhe,kreuzwertheim,,,,,,holzen,nossentiner-hutte,,kirchheimbolanden,,,,klein-gladebrugge,liebenstein
,kehl,krumbach,,,,,,holzminden,nostorf,,kirchwald,,,,klein-nordende,liebstedt
,kenzingen,kueps-oberfranken,,,,,,hoogstede,nustrow,,kirf,,,,klein-offenseth-sparrieshoop,lindenkreuz
,ketsch,kuhbach,,,,,,hornburg,ostseebad-binz,,kirn,,,,klein-pampau,lindewerra
,kieselbronn,kulmbach,,,,,,horneburg,ostseebad-boltenhagen,,kirrweiler,,,,klein-rheide,lindig
,kippenheim,kumhausen,,,,,,horstedt,ostseebad-dierhagen,,kirschweiler,,,,klein-ronnau,lipprechterode
,kirchardt,kummersbruck,,,,,,hoya,ostseebad-gohren,,klausen,,,,klein-wesenberg,loberschutz
,kirchberg-an-der-iller,kunzing,,,,,,hoyerhagen,ostseebad-kuhlungsborn,,kleinich,,,,klein-wittensee,lobichau
,kirchberg-an-der-jagst,kurnach,,,,,,hoyershausen,ostseebad-prerow,,kleinkarlbach,,,,klein-zecher,lodla
,kirchberg-an-der-murr,laberweinting,,,,,,hude,ostseebad-sellin,,kleinmaischeid,,,,klempau,lucka
,kirchdorf,lam,,,,,,huede,ostseebad-zinnowitz,,kleinniedesheim,,,,kletkamp,luisenthal
,kirchentellinsfurt,landau-an-der-isar,,,,,,hulsede,pampow,,kleinsteinhausen,,,,kleve,lumpzig
,kirchheim-unter-teck,landsberg-am-lech,,,,,,husum,pantelitz,,klein-winternheim,,,,klinkrade,lunzig
,kirchheim-am-neckar,landshut,,,,,,huven,papendorf,,klingelbach,,,,klixbull,lutter
,kirchheim-am-ries,langenbach,,,,,,ihlienworth,papenhusen,,klingenmunster,,,,koberg,magdala
,kirchzarten,langensendelbach,,,,,,ilsede,parchim,,klotten,,,,kohn,mannstedt
,kisslegg,langenzenn,,,,,,ingeleben,parchtitz,,klusserath,,,,koldenbuttel,marisfeld
,knittlingen,langerringen,,,,,,isenbuttel,pasewalk,,knittelsheim,,,,kollmar,marksuhl
,kohlberg,langquaid,,,,,,isernhagen-farster-bauerschaft,passee,,kobern-gondorf,,,,kolln-reisiek,markvippach
,kolbingen,langweid,,,,,,isterberg,passow,,koblenz,,,,kollow,marolterode
,kongen,lappersdorf,,,,,,itterbeck,patzig,,kolbingen,,,,kosel,marth
,konigheim,lauben,,,,,,jameln,paulsstadt,,kongernheim,,,,kotzenbull,martinroda
,konigsbach-stein,lauf-an-der-pegnitz,,,,,,jelmstorf,peenemunde,,konken,,,,krempdorf,masserberg
,konigsbronn,laufach,,,,,,jembke,penkow,,konz,,,,krempe,mattstedt
,konigseggwald,laufen,,,,,,jemgum,penkun,,kordel,,,,krempel,mechelroda
,konigsfeld-im-schwarzwald,lauingen,,,,,,jerxheim,penzlin,,korlingen,,,,kremperheide,mechterstadt
,konigsheim,lauterhofen,,,,,,jesteburg,perlin,,korperich,,,,krempermoor,mehmels
,konstanz,lautertal,,,,,,jever,petersdorf,,kottenheim,,,,krogaspe,mehna
,korb,legau,,,,,,jork,picher,,kottweiler-schwanden,,,,krokau,meiningen
,korntal,lehrberg,,,,,,juhnde,pingelshagen,,kreimbach-kaulbach,,,,kronprinzenkoog,mellenbach-glasbach
,kornwestheim,leiblfing,,,,,,juist,pinnow,,kretz,,,,kronsgaard,mellingen
,krauchenwies,leidersbach,,,,,,kakenstorf,plaaz,,krickenbach,,,,kronshagen,melpers
,krautheim,leinburg,,,,,,kalbe,plate,,kriegsfeld,,,,kronsmoor,mendhausen
,kressbronn-am-bodensee,leipheim,,,,,,kalefeld,plau,,kroppach,,,,kropp,mengersgereuth-hammern
,kronau,lengdorf,,,,,,karwitz,plowen,,kroppen,,,,kroppelshagen-fahrendorf,menteroda
,kuchen,lenggries,,,,,,katlenburg-lindau,pluschow,,krottelbach,,,,krukow,merkendorf
,kulsheim,leutershausen,,,,,,kettenkamp,pokrent,,krov,,,,krummbek,mertendorf
,kunzelsau,lichtenau,,,,,,kirchbrak,polzow,,kruft,,,,krummesse,metebach
,kupferzell,lichtenfels,,,,,,kirchdorf,poseritz,,krunkel,,,,krummwisch,metzels
,kuppenheim,lindau,,,,,,kirchgellersen,postlow,,kuhardt,,,,krumstedt,meura
,kurnbach,litzendorf,,,,,,kirchlinteln,pragsdorf,,kurtscheid,,,,kruzen,meusebach
,kusterdingen,lohr,,,,,,kirchseelte,prebberede,,kusel,,,,kuddeworde,meuselbach-schwarzmuhle
,ladenburg,loiching,,,,,,kirchtimke,preetz,,kyllburg,,,,kuden,meuselwitz
,lahr,ludwigsstadt,,,,,,kirchwalsede,priborn,,lahnstein,,,,kudensee,miesitz
,laichingen,luhe-wildenau,,,,,,kirchwistedt,priepert,,lambrecht,,,,kuhren,mihla
,langenargen,mainaschaff,,,,,,kissenbruck,pripsleben,,lambsborn,,,,kuhsen,milda
,langenau,mainburg,,,,,,klein-berssen,prislich,,lambsheim,,,,kukels,milz
,langenburg,mainleus,,,,,,klein-gusborn,pritzier,,landau-in-der-pfalz,,,,kulpin,mittelpollnitz
,langenenslingen,maisach,,,,,,klein-meckelsen,prohn,,landkern,,,,kummerfeld,mittelsommern
,lauchheim,mallersdorf-pfaffenberg,,,,,,klein-schwulper,pruchten,,landscheid,,,,labenz,mockern
,lauchringen,mammendorf,,,,,,kluse,puchow,,landstuhl,,,,laboe,mohlsdorf
,lauda-konigshofen,mamming,,,,,,kneitlingen,pudagla,,langenbach-bei-marienberg,,,,ladelund,mohrenbach
,laudenbach,manching,,,,,,kohlen,putbus,,langenfeld,,,,lagerdorf,molschleben
,lauf,mantel,,,,,,konigslutter-am-elm,putgarten,,langenhahn,,,,lammershagen,monchenholzhausen
,laufenburg,margetshochheim,,,,,,konigsmoor,putzar,,langenlonsheim,,,,landrecht,monchpfiffel-nikolausrieth
,lauffen-am-neckar,marklkofen,,,,,,kranenburg,raben-steinfeld,,langsur,,,,langballig,monstab
,laupheim,marktbreit,,,,,,krebeck,ralswiek,,laubach,,,,langeln,morsdorf
,lautenbach,markt-erlbach,,,,,,kreiensen,rambin,,laubenheim,,,,langeness,mossbach
,lauterach,marktheidenfeld,,,,,,krummendeich,ramin,,laufersweiler,,,,langenhorn,moxa
,lauterbach,markt-indersdorf,,,,,,kuhrstedt,rankwitz,,laumersheim,,,,langenlehsten,muhlhausen
,lehrensteinsfeld,marktl,,,,,,kusten,rappin,,lauterecken,,,,langstedt,mulverstedt
,leibertingen,marktleugast,,,,,,kutenholz,rastow,,lehmen,,,,langwedel,munchenbernsdorf
,leimen,marktleuthen,,,,,,laar,rechlin,,leimen,,,,lankau,nausitz
,leinfelden-echterdingen,marktoberdorf,,,,,,laatzen,reddelich,,leimersheim,,,,lanze,nausnitz
,leingarten,marktredwitz,,,,,,lachendorf,redefin,,leiningen,,,,lasbek,nazza
,leinzell,markt-rettenbach,,,,,,lage,rehna,,leiwen,,,,latendorf,neidhartshausen
,lenzkirch,marktrodach,,,,,,lahden,reimershagen,,lemberg,,,,lauenburg,neubrunn
,leonberg,markt-schwaben,,,,,,lahn,reinberg,,leubsdorf,,,,lebrade,neudietendorf
,leutenbach,maroldsweisach,,,,,,lamspringe,retgendorf,,leuterod,,,,leck,neuengonna
,leutkirch-im-allgau,marquartstein,,,,,,lamstedt,retschow,,leutesdorf,,,,leezen,neugernsdorf
,lichtenau,marzling,,,,,,landesbergen,ribnitz-damgarten,,liebenscheid,,,,lehe,neuhaus
,linkenheim-hochstetten,massbach,,,,,,landolfshausen,richtenberg,,lieser,,,,lehmkuhlen,neuhaus-schierschnitz
,lochgau,massing,,,,,,langelsheim,rieps,,limburgerhof,,,,lehmrade,neunheilingen
,loffenau,mauern,,,,,,langen,ritzerow,,linden,,,,lensahn,neusiss
,loffingen,mauerstetten,,,,,,langendorf,robel,,lindenberg,,,,lentfohrden,neustadt
,lonsee,maxhutte-haidhof,,,,,,langenhagen,rockwitz,,lingenfeld,,,,linau,neustadt-am-rennsteig
,lorch,meeder,,,,,,langeoog,roduchelstorf,,linz-am-rhein,,,,lindau,niederbosa
,lorrach,meitingen,,,,,,langlingen,roggendorf,,lissendorf,,,,linden,niederdorla
,lossburg,mellrichstadt,,,,,,langwedel,roggenstorf,,lof,,,,lindewitt,niedergebra
,lottstetten,memmelsdorf,,,,,,lastrup,roggentin,,lohnsfeld,,,,list,niederorschel
,lowenstein,memmingen,,,,,,lathen,rognitz,,longkamp,,,,lockstedt,niederreissen
,ludwigsburg,mengkofen,,,,,,lauenau,rollwitz,,longuich,,,,lohbarbek,niederrossla
,magstadt,merching,,,,,,lauenbruck,rom,,lonnig,,,,lohe-fohrden,niedersachswerfen
,mahlberg,mering,,,,,,lauenhagen,rosenow,,lorzweiler,,,,lohe-rickelshof,niederzimmern
,mainhardt,merkendorf,,,,,,leer,rossin,,ludwigshafen-am-rhein,,,,loit,nimritz
,malsch,mertingen,,,,,,leese,rothemuhl,,ludwigswinkel,,,,looft,nirmsdorf
,malterdingen,metten,,,,,,leezdorf,rothenklempenow,,lustadt,,,,loop,nobdenitz
,mannheim,mettenheim,,,,,,lehe,rovershagen,,lutzerath,,,,loose,nobitz
,marbach-am-neckar,michelau,,,,,,lehre,rubkow,,mackenbach,,,,loptin,noda
,markdorf,miesbach,,,,,,lehrte,ruhn,,maikammer,,,,lottorf,nohra
,markgroningen,miltenberg,,,,,,leiferde,rukieten,,malborn,,,,lowenstedt,nordhausen
,maselheim,mindelheim,,,,,,lembruch,ruting,,mammelzen,,,,luchow,nottleben
,massenbachhausen,mintraching,,,,,,lemforde,saal,,mandel,,,,luebeck,oberbodnitz
,mauer,mistelgau,,,,,,lemwerder,sagard,,mandern,,,,luhnstedt,oberbosa
,maulbronn,mittenwald,,,,,,lengede,samtens,,manderscheid,,,,lunden,oberdorla
,maulburg,mitterteich,,,,,,lengenbostel,sarnow,,marienrachdorf,,,,lurschau,oberhain
,meckenbeuren,mitwitz,,,,,,lengerich,sarow,,maring-noviand,,,,lutau,oberheldrungen
,meckesheim,mohrendorf,,,,,,lenne,sassnitz,,marnheim,,,,lutjenburg,oberhof
,meersburg,mombris,,,,,,liebenau,satow-oberhagen,,martinshohe,,,,lutjenholm,oberkatz
,mehrstetten,momlingen,,,,,,liebenburg,sauzin,,masburg,,,,lutjensee,obermassfeld-grimmenthal
,meissenheim,monheim,,,,,,lilienthal,schaprode,,massweiler,,,,lutjenwestedt,obermehler
,mengen,moorenweis,,,,,,lindhorst,schelfstadt,,mastershausen,,,,lutterbek,oberoppurg
,merdingen,moosburg,,,,,,lindwedel,schlagsdorf,,matzenbach,,,,lutzhorn,oberreissen
,merklingen,moosinning,,,,,,lingen,schlemmin,,mauchenheim,,,,maasbull,oberstadt
,merzhausen,moosthenning,,,,,,linsburg,schloen,,maxdorf,,,,maasholm,oberweid
,messkirch,muenchen,,,,,,lintig,schmatzin,,maxsain,,,,malente,oberweissbach
,messstetten,muhldorf,,,,,,lohne,schonbeck,,mayen,,,,manhagen,oechsen
,metzingen,munchberg,,,,,,loningen,schonfeld,,mayschoss,,,,marnerdeich,oepfershausen
,michelbach-an-der-bilz,munchsmunster,,,,,,lorup,schonhausen,,meckenheim,,,,martensrade,oettern
,michelfeld,munnerstadt,,,,,,loxstedt,schonwalde,,meddersheim,,,,mechow,oettersdorf
,mietingen,munsing,,,,,,lubberstedt,schossin,,mehlbach,,,,meddewade,olbersleben
,mittelbiberach,murnau-am-staffelsee,,,,,,lubbow,schwaan,,mehlingen,,,,medelby,oldisleben
,mittelschontal,nabburg,,,,,,luchow,schwanheide,,mehren,,,,meezen,ollendorf
,mockmuhl,naila,,,,,,luder,schwarz,,mehring,,,,meggerdorf,oppershausen
,mogglingen,nandlstadt,,,,,,ludersburg,schwerin,,meisenheim,,,,mehlbek,oppurg
,moglingen,nersingen,,,,,,ludersfeld,schwinkendorf,,melsbach,,,,meldorf,orlamunde
,monchweiler,nesselwang,,,,,,luerdissen,seebad-bansin,,mendig,,,,melsdorf,ossmanstedt
,monsheim,neubeuern,,,,,,luhden,seebad-heringsdorf,,mengerschied,,,,meyn,osthausen-wulfershausen
,moos,neubiberg,,,,,,luneburg,seeheilbad-graal-muritz,,mertesdorf,,,,midlum,ostramondra
,moosburg,neuburg,,,,,,lunestedt,seehof,,mertloch,,,,mielkendorf,ottendorf
,mosbach,neuburg-an-der-donau,,,,,,lunne,sehlen,,merxheim,,,,mildstedt,paitzdorf
,mossingen,neudrossenfeld,,,,,,lutetsburg,sellin,,merzalben,,,,mohnsen,pappenheim
,motzingen,neuendettelsau,,,,,,lutter-am-barenberge,selmsdorf,,mettendorf,,,,mohrkirch,paska
,mudau,neuenmarkt,,,,,,maasen,selpin,,mettenheim,,,,molfsee,pennewitz
,muenstertal/schwarzwald,neufahrn,,,,,,marienhafe,semlow,,meudt,,,,molln,petersberg
,muggensturm,neufahrn-bei-freising,,,,,,marienhagen,setzin,,miehlen,,,,monkeberg,petriroda
,muhlacker,neuhaus,,,,,,mariental,severin,,minderlittgen,,,,monkhagen,peuschen
,muhlenbach,neukirchen,,,,,,marklohe,siedenbollentin,,minfeld,,,,monkloh,pfaffschwende
,muhlhausen,neumarkt-in-der-oberpfalz,,,,,,marl,siedenbrunzow,,mittelbrunn,,,,moordiek,pferdingsleben
,muhlhausen-ehingen,neumarkt-sankt-veit,,,,,,marschacht,sietow,,mittelhof,,,,moorrege,pfiffelbach
,muhlheim-am-bach,neunburg-vorm-wald,,,,,,martfeld,siggelkow,,mittelreidenbach,,,,morel,piesau
,muhlingen,neunkirchen-am-brand,,,,,,marxen,silz,,mogendorf,,,,mozen,pillingsdorf
,mulfingen,neunkirchen-am-main,,,,,,mechtersen,sommersdorf,,mommenheim,,,,mucheln,plaue
,mullheim,neunkirchen-am-sand,,,,,,meerbeck,spantekow,,monreal,,,,muhbrook,plothen
,mundelsheim,neuotting,,,,,,meinersen,splietsdorf,,monsheim,,,,muhlenbarbek,polzig
,munderkingen,neureichenau,,,,,,melbeck,sponholz,,montabaur,,,,muhlenrade,ponitz
,munsingen,neuried,,,,,,melle,spornitz,,monzelfeld,,,,munkbrarup,pormitz
,murg,neustadt-an-der-donau,,,,,,mellinghausen,stabelow,,monzingen,,,,munsterdorf,possneck
,murr,neustadt-bei-coburg,,,,,,menslage,staven,,morbach,,,,mussen,posterstein
,murrhardt,neustadt-an-der-aisch,,,,,,meppen,steesow,,morscheid,,,,mustin,poxdorf
,mutlangen,neustadt-an-der-waldnaab,,,,,,merzen,steffenshagen,,morschheim,,,,nahe,probstzella
,nagold,neutraubling,,,,,,messenkamp,steinhagen,,morschied,,,,nebel,quaschwitz
,nattheim,neu-ulm,,,,,,messingen,sternberg,,morsdorf,,,,negenharrie,quirla
,neckarbischofsheim,niederaichbach,,,,,,midlum,stolpe,,morstadt,,,,negernbotel,ramsla
,neckargemund,niedernberg,,,,,,misselwarden,stralendorf,,moschheim,,,,nehms,ranis
,neckargerach,niederwerrn,,,,,,mittegrossefehn,stralsund,,moselkern,,,,nehmten,rannstedt
,neckarsulm,nittenau,,,,,,mittelnkirchen,strasburg,,mudenbach,,,,neritz,rastenberg
,neckartailfingen,nittendorf,,,,,,mittelstenahe,strohkirchen,,mudersbach,,,,nettelsee,rattelsdorf
,neckartenzlingen,noerdlingen,,,,,,moisburg,stuer,,mulheim-karlich,,,,neu-duvenstedt,rauda
,neckarwestheim,nudlingen,,,,,,molbergen,sukow,,mullenbach,,,,neuberend,rauschwitz
,neckarzimmern,nuremberg,,,,,,moorweg,sulstorf,,munchweiler-an-der-alsenz,,,,neudorf-bornstein,rausdorf
,neenstetten,oberammergau,,,,,,moringen,tarnow,,munchweiler-an-der-rodalbe,,,,neuenbrook,reichmannsdorf
,nehren,oberasbach,,,,,,morsum,techentin,,mundersbach,,,,neuendeich,reinholterode
,neidenstein,oberaudorf,,,,,,muden,tessin,,munstermaifeld,,,,neuengors,reinstadt
,neidlingen,oberding,,,,,,mulsum,testorf-steinfort,,munster-sarmsheim,,,,neufeld,reisdorf
,nellingen,oberelsbach,,,,,,munster,teterow,,muschenbach,,,,neufelderkoog,remptendorf
,nerenstetten,obergunzburg,,,,,,nahrendorf,thandorf,,mutterstadt,,,,neukirchen,remstadt
,neresheim,oberhaching,,,,,,natendorf,thelkow,,nackenheim,,,,neumunster,renthendorf
,neubulach,oberhaid,,,,,,neuborger,thesenvitz,,nanzdietschweiler,,,,neustadt-in-holstein,reurieth
,neudenau,oberkotzau,,,,,,neu-darchau,thiessow,,nassau,,,,neuwittenbek,riethgen
,neuenburg,obermichelbach,,,,,,neuenkirchen,thulendorf,,nastatten,,,,neversdorf,riethnordhausen
,neuenburg-am-rhein,obernburg-am-main,,,,,,neuharlingersiel,thurkow,,nauort,,,,nieblum,ringleben
,neuenstadt-am-kocher,obernzell,,,,,,neuhaus-an-der-oste,toddin,,nauroth,,,,niebull,rippershausen
,neuenstein,obernzenn,,,,,,neukamperfehn,torgelow,,neidenbach,,,,nienborstel,ritschenhausen
,neuffen,oberschleissheim,,,,,,neulehe,torgelow-hollanderei,,neidenfels,,,,nienbuttel,rittersdorf
,neufra,oberschneiding,,,,,,neustadt-am-rubenberge,tramm,,neitersen,,,,nienwohld,rockhausen
,neuhausen,oberstaufen,,,,,,neu-wulmstorf,trassenheide,,nentershausen,,,,niesgrau,rockstedt
,neuhausen-auf-den-fildern,oberstdorf,,,,,,niederlangen,trent,,neroth,,,,nindorf,rohr
,neukirch,oberthulba,,,,,,niedernwohren,tribsees,,neu-bamberg,,,,noer,rohrbach
,neuler,obertraubling,,,,,,nienburg,trinwillershagen,,neuburg,,,,norddeich,rohrberg
,neulussheim,oberviechtach,,,,,,nienstadt,trollenhagen,,neuerburg,,,,norddorf,rohrig
,neunkirchen,obing,,,,,,norddeich,tutow,,neuhausel,,,,norderbrarup,romhild
,neuweiler,ochsenfurt,,,,,,norden,tutzpatz,,neuhemsbach,,,,norderheistedt,ronneburg
,niedereschach,odelzhausen,,,,,,nordenham,ueckermunde,,neuhofen,,,,norderstapel,rosa
,niedernhall,oerlenbach,,,,,,norderney,uelitz,,neuhutten,,,,norderstedt,rosendorf
,niederstetten,oettingen-in-bayern,,,,,,nordholz,ummanz,,neuleiningen,,,,norderwohrden,rositz
,niederstotzingen,offenberg,,,,,,nordhorn,upahl,,neumagen-dhron,,,,nordhackstedt,rossdorf
,niefern-oschelbronn,offingen,,,,,,nordleda,usedom,,neunkhausen,,,,nordhastedt,rossleben
,nordheim,ohlstadt,,,,,,nordsehl,userin,,neupotz,,,,norstedt,rothenstein
,nordrach,olching,,,,,,nordstemmen,utecht,,neustadt-an-der-weinstrasse,,,,nortorf,rottenbach
,notzingen,ortenburg,,,,,,norten-hardenberg,utzedel,,neuwied,,,,nottfeld,rotterode
,nufringen,osterhofen,,,,,,northeim,varchentin,,newel,,,,nubbel,rottleben
,nurtingen,ostheim-vor-der-rhon,,,,,,nortmoor,veelboken,,nickenich,,,,nusse,rudersdorf
,nussloch,otterfing,,,,,,nortrup,velgast,,niederahr,,,,nutteln,rudolstadt
,oberboihingen,ottobeuren,,,,,,nottensdorf,vellahn,,niederbreitbach,,,,nutzen,ruhla
,oberderdingen,ottobrunn,,,,,,oberlangen,ventschow,,niederburg,,,,ockholm,rustenfelde
,oberdischingen,oy-mittelberg,,,,,,oberndorf,vielank,,niederdreisbach,,,,odderade,ruttersdorf-lotschen
,obergroningen,palling,,,,,,obernfeld,vielist,,niederdurenbach,,,,oelixdorf,saalfeld
,oberharmersbach,pappenheim,,,,,,obernholz,viereck,,niederelbert,,,,oersberg,saara
,oberhausen-rheinhausen,parkstetten,,,,,,obernkirchen,vipperow,,niedererbach,,,,oersdorf,sachsenhausen
,oberjettingen,parsberg,,,,,,odisheim,voigtsdorf,,niederfell,,,,oeschebuttel,sankt-gangloff
,oberkirch,partenstein,,,,,,oederquart,vollrathsruhe,,niederfischbach,,,,oesterdeichstrich,sankt-kilian
,oberkochen,passau,,,,,,oerel,volschow,,niederheimbach,,,,oesterwurth,schachtebich
,obermarchtal,pegnitz,,,,,,ohne,vorbeck,,nieder-ingelheim,,,,oevenum,schalkau
,oberndorf,peissenberg,,,,,,ohrum,wackerow,,niederkirchen,,,,oeversee,scheibe-alsbach
,obernheim,peiting,,,,,,oldenburg,wahlstorf,,niederkirchen-bei-deidesheim,,,,offenbuttel,scheiditz
,oberreichenbach,pentling,,,,,,oldendorf,walkendorf,,niedermohr,,,,oldenborstel,schernberg
,oberried,penzberg,,,,,,osloss,walow,,niederneisen,,,,oldenburg-in-holstein,schillingstedt
,oberriexingen,penzing,,,,,,osnabruck,wardow,,nieder-olm,,,,oldenbuttel,schkolen
,oberrot,perlesreut,,,,,,osteel,waren,,niederrossbach,,,,oldendorf,schleid
,obersontheim,petersaurach,,,,,,osten,warin,,niederwerth,,,,oldenhutten,schleifreisen
,oberstadion,petershausen,,,,,,osterbruch,warlitz,,nieder-wiesen,,,,oldenswort,schleiz
,oberstenfeld,pettendorf,,,,,,ostercappeln,warlow,,niederworresbach,,,,oldersbek,schleusingen
,oberteuringen,pfaffenhofen-an-der-ilm,,,,,,ostereistedt,warnemuende,,niederzissen,,,,olderup,schloben
,oberwolfach,pfaffenhofen-an-der-roth,,,,,,osterholz-scharmbeck,warnkenhagen,,niersbach,,,,oldsum,schlossvippach
,obrigheim,pfaffing,,,,,,ostrhauderfehn,warnow,,nierstein,,,,osdorf,schlotheim
,ochsenhausen,pfarrkirchen,,,,,,ottenstein,warrenzin,,nievern,,,,ostenfeld,schmalkalden
,oedheim,pfatter,,,,,,otter,wasdow,,nister,,,,osterby,schmeheim
,offenau,pfeffenhausen,,,,,,otterndorf,wattmannshagen,,nittel,,,,osterhever,schmiedefeld
,offenburg,pfreimd,,,,,,ottersberg,wedendorf,,nomborn,,,,osterhorn,schmiedefeld-am-rennsteig
,ofterdingen,pfronten,,,,,,ovelgonne,weitenhagen,,norheim,,,,oster-ohrstedt,schmiedehausen
,oftersheim,piding,,,,,,oyten,wendisch-baggendorf,,norken,,,,osterronfeld,schmieritz
,oggelshausen,pilsach,,,,,,padingbuttel,wendisch-priborn,,nortershausen,,,,osterstedt,schmolln
,ohlsbach,pilsting,,,,,,papenburg,wendisch-waren,,nunschweiler,,,,ostrohe,schmorda
,ohmden,planegg,,,,,,parsau,wendorf,,oberbettingen,,,,oststeinbek,schomberg
,ohningen,plattling,,,,,,pattensen,werder,,oberbillig,,,,ottenbuttel,schongleina
,ohringen,pleinfeld,,,,,,pegestorf,werdervorstadt,,oberdiebach,,,,ottendorf,schonhagen
,olbronn-durrn,pleystein,,,,,,peine,wesenberg,,oberdreis,,,,owschlag,schonstedt
,ollingen,pliening,,,,,,pennigsehl,wessin,,oberelbert,,,,padenstedt,schops
,opfingen,plossberg,,,,,,pohle,weststadt,,oberfell,,,,pahlen,schwaara
,oppenau,pocking,,,,,,polle,wiek,,ober-florsheim,,,,panker,schwabhausen
,oppenweiler,poing,,,,,,pollhagen,wiendorf,,oberheimbach,,,,panten,schwallungen
,orsingen-nenzingen,polling,,,,,,prezelle,wietstock,,ober-hilbersheim,,,,passade,schwarza
,ortenberg,pommelsbrunn,,,,,,prinzhofte,wildberg,,oberhonnefeld-gierend,,,,peissen,schwarzbach
,ostelsheim,pommersfelden,,,,,,quakenbruck,wilhelmsburg,,oberirsen,,,,pellworm,schwarzburg
,osterburken,poppenhausen,,,,,,quendorf,wismar,,oberlahr,,,,pinneberg,schweina
,ostfildern,poppenricht,,,,,,querenhorst,wittenbeck,,obermoschel,,,,plon,schwerstedt
,ostrach,postbauer-heng,,,,,,quernheim,wittenburg,,obernheim-kirchenarnbach,,,,pogeez,schwobfeld
,ostringen,pottenstein,,,,,,rabke,wittenforden,,ober-olm,,,,poggensee,seebach
,otigheim,pottmes,,,,,,radbruch,wittenhagen,,oberotterbach,,,,pohnsdorf,seebergen
,otisheim,prackenbach,,,,,,raddestorf,witzin,,oberrod,,,,politz,seega
,ottenbach,pressath,,,,,,rastdorf,wobbelin,,ober-saulheim,,,,poppenbull,seelingstadt
,ottenhofen,pressig,,,,,,rastede,woggersin,,obersimten,,,,poschendorf,seisla
,ottersweier,prichsenstadt,,,,,,ratzlingen,wolde,,oberwesel,,,,postfeld,seitenroda
,owen,prien-am-chiemsee,,,,,,rechtsupweg,woldegk,,oberzissen,,,,poyenberg,serba
,owingen,puchheim,,,,,,reessum,wolgast,,obrigheim,,,,prasdorf,sickerode
,pfaffenhofen,pullach-im-isartal,,,,,,regesbostel,wrangelsburg,,ochtendung,,,,preetz,siegmundsburg
,pfaffenweiler,purgen,,,,,,rehburg-loccum,wredenhagen,,ockenfels,,,,prinzenmoor,silberfeld
,pfalzgrafenweiler,putzbrunn,,,,,,rehden,wulkenzin,,ockenheim,,,,prisdorf,silberhausen
,pfedelbach,pyrbaum,,,,,,rehlingen,wusterhusen,,ockfen,,,,probsteierhagen,silbitz
,pforzheim,rain,,,,,,reinstorf,wustrow,,odenbach,,,,pronstorf,silkerode
,pfronstetten,randersacker,,,,,,remlingen,zahrensdorf,,odernheim,,,,puls,sitzendorf
,pfullendorf,rattelsdorf,,,,,,renkenberge,zapel,,oestrich-winkel,,,,quarnbek,solkwitz
,pfullingen,raubling,,,,,,rennau,zarnewanz,,offenbach-an-der-queich,,,,quarnstedt,sollstedt
,philippsburg,rednitzhembach,,,,,,reppenstedt,zarrendorf,,offenbach-hundheim,,,,quern,sommerda
,plankstadt,redwitz-an-der-rodach,,,,,,rethem,zarrentin,,offstein,,,,quickborn,sondershausen
,pleidelsheim,regen,,,,,,rhade,zehna,,ohmbach,,,,raa-besenbek,sonneberg
,pliezhausen,regensburg,,,,,,rhede,zemitz,,olsbrucken,,,,rabel,sonneborn
,plochingen,regenstauf,,,,,,rheden,zempin,,oppenheim,,,,rabenholz,springstille
,pluderhausen,regnitzlosau,,,,,,rhumspringe,zepelin,,orbis,,,,rabenkirchen-fauluck,sprotau
,radolfzell-am-bodensee,rehau,,,,,,ribbesbuttel,zepkow,,orenhofen,,,,rade,stadtilm
,rammingen,reichenberg,,,,,,riede,zerrenthin,,osann-monzel,,,,raisdorf,stadtlengsfeld
,rangendingen,reichertshausen,,,,,,rieste,zettemin,,osburg,,,,ramhusen,stadtroda
,rastatt,reichertshofen,,,,,,ringstedt,zickhusen,,osterspai,,,,ramstedt,staitz
,ratshausen,reisbach,,,,,,rinteln,ziegendorf,,osthofen,,,,rantrum,stanau
,rauenberg,rennertshofen,,,,,,ritterhude,zierow,,otterbach,,,,rantzau,steinach
,ravensburg,rettenberg,,,,,,rodenberg,ziesendorf,,otterberg,,,,rastorf,steinbach
,rechberghausen,retz,,,,,,rohrsen,ziethen,,ottersheim,,,,ratekau,steinheid
,rechtenstein,ried,,,,,,roklum,zingst,,otterstadt,,,,rathjensdorf,steinheuterode
,reichartshausen,rieden,,,,,,rollshausen,zirchow,,otzingen,,,,ratzeburg,steinrode
,reichenau,riedenburg,,,,,,romstedt,zirzow,,palzem,,,,rausdorf,steinsdorf
,reichenbach-an-der-fils,riedering,,,,,,ronnenberg,zislow,,partenheim,,,,reesdorf,steinthaleben
,reilingen,rimpar,,,,,,rosche,zolkow,,pellingen,,,,reher,stepfershausen
,renchen,rimsting,,,,,,rosdorf,zurow,,pelm,,,,rehm-flehde-bargen,stockey
,renningen,rinchnach,,,,,,rotenburg,zusedom,,peterswald-loffelscheid,,,,reinbek,straussfurt
,renquishausen,rodental,,,,,,rotgesbuttel,zusow,,pfaffen-schwabenheim,,,,reinfeld,stutzerbach
,reutlingen,roding,,,,,,rudershausen,zussow,,pfeffelbach,,,,reinsbuttel,suhl
,rheinau,roehrnbach,,,,,,ruhen,,,piesport,,,,rellingen,sulza
,rheinfelden,roggenburg,,,,,,rullstorf,,,pirmasens,,,,remmels,sulzfeld
,rheinstetten,rohr,,,,,,sachsenhagen,,,plaidt,,,,rendsburg,tabarz
,rickenbach,rohrbach,,,,,,salzbergen,,,platten,,,,rendswuhren,tambach-dietharz
,riederich,rohrdorf,,,,,,salzhausen,,,pleckhausen,,,,rethwisch,tanna
,riedhausen,rohrmoos,,,,,,salzhemmendorf,,,plein,,,,reussenkoge,tastungen
,riedlingen,rosenheim,,,,,,sandbostel,,,pleisweiler-oberhofen,,,,rickert,tautenburg
,riegel,rossbach,,,,,,sande,,,pluwig,,,,rickling,tautendorf
,rielasingen-worblingen,rosstal,,,,,,sandstedt,,,polch,,,,riepsdorf,tautenhain
,rietheim-weilheim,roth,,,,,,sankt-andreasberg,,,pottum,,,,rieseby,tegau
,ringsheim,rothenbach-an-der-pegnitz,,,,,,sarstedt,,,pracht,,,,ringsberg,teichwitz
,rohrdorf,rothenburg-ob-der-tauber,,,,,,sassenburg,,,preist,,,,risum-lindholm,teichwolframsdorf
,roigheim,rothlein,,,,,,sauensiek,,,pronsfeld,,,,ritzerau,teistungen
,rosenberg,rott,,,,,,schapen,,,prum,,,,rodenas,teutleben
,rosenfeld,rottach-egern,,,,,,scharnebeck,,,puderbach,,,,rodenbek,thalwenden
,rot,rottenbach,,,,,,scheden,,,punderich,,,,rondeshagen,themar
,rot-am-see,rottenburg-an-der-laaber,,,,,,scheessel,,,queidersbach,,,,rosdorf,thierschneck
,rottenacker,rottendorf,,,,,,schellerten,,,quirnheim,,,,roseburg,thonhausen
,rottenburg,rotthalmunster,,,,,,schiffdorf,,,ralingen,,,,rugge,thuringenhausen
,rottweil,ruckersdorf,,,,,,schillig,,,ramberg,,,,ruhwinkel,tiefenort
,rudersberg,rudelzhausen,,,,,,schladen,,,rammelsbach,,,,rumohr,tissa
,rummingen,ruderting,,,,,,schnega,,,ramsen,,,,rumpel,tommelsdorf
,ruppertshofen,ruhpolding,,,,,,schneverdingen,,,ramstein-miesenbach,,,,sahms,tonndorf
,rust,ruhstorf,,,,,,scholen,,,ransbach-baumbach,,,,salem,topfstedt
,rutesheim,saal,,,,,,schoneworde,,,ranschbach,,,,sandesneben,treben
,salach,sachsen,,,,,,schoningen,,,raubach,,,,sankelmark,trebra
,sandhausen,sailauf,,,,,,schoppenstedt,,,rehborn,,,,sankt-margarethen,treffurt
,sankt-blasien,salzweg,,,,,,schortens,,,rehe,,,,sankt-michaelisdonn,triebes
,sankt-georgen-im-schwarzwald,sand,,,,,,schuttorf,,,reichenbach,,,,sankt-peter-ording,triptis
,sankt-johann,sandberg,,,,,,schwaforden,,,reichenbach-steegen,,,,sarlhusen,trobnitz
,sankt-leon-rot,sankt-wolfgang,,,,,,schwanewede,,,reifenberg,,,,sarzbuttel,trochtelborn
,sankt-margen,sauerlach,,,,,,schwarme,,,reil,,,,satrup,trockenborn-wolfersdorf
,sankt-peter,schaftlarn,,,,,,schwarmstedt,,,reinsfeld,,,,saustrup,troistedt
,sasbach,schechen,,,,,,schweringen,,,remagen,,,,schaalby,trugleben
,sasbachwalden,scheidegg,,,,,,schwerinsdorf,,,rengsdorf,,,,schacht-audorf,trusetal
,satteldorf,scheinfeld,,,,,,schwienau,,,rennerod,,,,schackendorf,tuttleben
,sauldorf,schesslitz,,,,,,seeburg,,,rhaunen,,,,schafflund,uder
,saulgau,scheyern,,,,,,seedorf,,,rheinbollen,,,,schalkholz,udestedt
,schallbach,schierling,,,,,,seelze,,,rheinbreitbach,,,,scharbeutz,umpferstedt
,schallstadt,schillingsfurst,,,,,,seesen,,,rheinbrohl,,,,schashagen,unterbodnitz
,schechingen,schliersee,,,,,,seevetal,,,rheinzabern,,,,scheggerott,unterbreizbach
,scheer,schlusselfeld,,,,,,seggebruch,,,rhens,,,,schellhorn,unterkatz
,schelklingen,schmidgaden,,,,,,sehlde,,,rhodt-unter-rietburg,,,,schenefeld,untermassfeld
,schenkenzell,schnaitsee,,,,,,sehlem,,,rieden,,,,schieren,unterschonau
,schiltach,schnaittach,,,,,,sehnde,,,rieschweiler-muhlbach,,,,schierensee,unterweid
,schlaitdorf,schnaittenbach,,,,,,selsingen,,,riesweiler,,,,schillsdorf,unterweissbach
,schlat,schnelldorf,,,,,,semmenstedt,,,rinnthal,,,,schiphorst,unterwellenborn
,schliengen,schoenau-am-koenigssee,,,,,,seulingen,,,riol,,,,schlesen,urbach
,schlier,schollkrippen,,,,,,sibbesse,,,rittersdorf,,,,schleswig,urleben
,schlierbach,schollnach,,,,,,sickte,,,rivenich,,,,schlichting,urnshausen
,schluchsee,schondorf-am-ammersee,,,,,,siedenburg,,,rockenhausen,,,,schlotfeld,utendorf
,schnurpflingen,schongau,,,,,,sillenstede,,,rodalben,,,,schmalensee,uthleben
,schomberg,schonsee,,,,,,sittensen,,,rodenbach,,,,schmalfeld,vacha
,schonach,schonungen,,,,,,soderstorf,,,rodersheim-gronau,,,,schmalstede,vachdorf
,schonaich,schonwald,,,,,,sogel,,,rohrbach,,,,schmedeswurth,veilsdorf
,schonau,schopfloch,,,,,,sohlde,,,roschbach,,,,schmilau,viernau
,schonau-im-schwarzwald,schrobenhausen,,,,,,sollingen,,,rossbach,,,,schnakenbek,vippachedelhausen
,schonenberg,schwabach,,,,,,soltau,,,roth,,,,schnarup-thumby,vogelsberg
,schonwald,schwabhausen,,,,,,soltendieck,,,rothenbach,,,,schobull,voigtstedt
,schopfheim,schwabmunchen,,,,,,sottrum,,,rothselberg,,,,schonbek,volkerode
,schopfloch,schwaig,,,,,,spelle,,,roxheim,,,,schonberg,volkershausen
,schorndorf,schwandorf-in-bayern,,,,,,spiekeroog,,,ruber,,,,schonkirchen,volkmannsdorf
,schramberg,schwangau,,,,,,sprakensehl,,,rudesheim,,,,schonwalde-am-bungsberg,vollenborn
,schriesheim,schwarzach,,,,,,springe,,,rulzheim,,,,schuby,vollersroda
,schrozberg,schwarzenbach-an-der-saale,,,,,,stade,,,rummelsheim,,,,schulendorf,vollmershain
,schuttertal,schwarzenbruck,,,,,,stadensen,,,ruppach-goldhausen,,,,schulldorf,wachstedt
,schutterwald,schwarzenfeld,,,,,,stadthagen,,,ruppertsberg,,,,schulp,wahlhausen
,schwabisch-gmund,schwebheim,,,,,,stadtoldendorf,,,ruppertsweiler,,,,schurensohlen,wahns
,schwabisch-hall,schweinfurt,,,,,,staffhorst,,,ruschberg,,,,schwabstedt,waldeck
,schwaigern,schweitenkirchen,,,,,,stedesdorf,,,ruscheid,,,,schwartbuck,wallbach
,schwaikheim,schwindegg,,,,,,steimbke,,,saarburg,,,,schwarzenbek,walldorf
,schwanau,seefeld,,,,,,steinfeld,,,saffig,,,,schwesing,walpernhain
,schwarzach,seeg,,,,,,steinhorst,,,salmtal,,,,schwissel,walschleben
,schwendi,seeon-seebruck,,,,,,steinkirchen,,,salz,,,,seedorf,waltersdorf
,schwenningen,seeshaupt,,,,,,stelle,,,sankt-aldegund,,,,seefeld,waltershausen
,schwetzingen,selb,,,,,,stemmen,,,sankt-goar,,,,seester,wandersleben
,schwieberdingen,selbitz,,,,,,stemshorn,,,sankt-goarshausen,,,,seestermuhe,wangenheim
,schworstadt,senden,,,,,,steyerberg,,,sankt-johann,,,,seeth-ekholt,warza
,seckach,sengenthal,,,,,,stockse,,,sankt-julian,,,,sehestedt,wasserthaleben
,seebach,sennfeld,,,,,,stoetze,,,sankt-katharinen,,,,selent,wasungen
,seedorf,sesslach,,,,,,stolzenau,,,sankt-martin,,,,selk,weberstedt
,seekirch,seubersdorf,,,,,,stuhr,,,sankt-sebastian,,,,seth,wehnde
,seelbach,seukendorf,,,,,,suddendorf,,,schalkenbach,,,,siebenbaumen,weida
,seitingen-oberflacht,siegenburg,,,,,,suderburg,,,schallodenbach,,,,siebeneichen,weilar
,sersheim,siegsdorf,,,,,,sudergellersen,,,scheibenhardt,,,,siek,weimar
,setzingen,sigmarszell,,,,,,sudwalde,,,schenkelberg,,,,sierksdorf,weingarten
,sexau,simbach,,,,,,suhlendorf,,,scheuerfeld,,,,sierksrade,weira
,sickenhausen,simbach-am-inn,,,,,,sulingen,,,schifferstadt,,,,sievershutten,weissenborn
,siegelsbach,simmelsdorf,,,,,,supplingen,,,schillingen,,,,sieverstedt,weissenborn-luderode
,sigmaringen,sinzing,,,,,,supplingenburg,,,schmalenberg,,,,silberstedt,weissendorf
,sigmaringendorf,sonnefeld,,,,,,surwold,,,schoden,,,,silzen,weissensee
,simmersfeld,sonthofen,,,,,,sustedt,,,schonborn,,,,simonsberg,wernburg
,simmozheim,soyen,,,,,,sustrum,,,schoneberg,,,,sirksfelde,werningshausen
,sindelfingen,spalt,,,,,,syke,,,schonecken,,,,sollerup,wernshausen
,singen,speichersdorf,,,,,,tappenbeck,,,schonenberg-kubelberg,,,,sollwitt,westenfeld
,sinsheim,spiegelau,,,,,,tarmstedt,,,schopp,,,,sommerland,westgreussen
,sinzheim,stadtbergen,,,,,,tespe,,,schornsheim,,,,sonnebull,westhausen
,sipplingen,stadtlauringen,,,,,,thedinghausen,,,schuld,,,,sophienhamm,wichmar
,solden,stadtsteinach,,,,,,thomasburg,,,schwabenheim,,,,soren,wickerstedt
,sontheim-an-der-brenz,stammham,,,,,,thuine,,,schwedelbach,,,,sorup,wiebelsdorf
,spaichingen,starnberg,,,,,,tiddische,,,schwegenheim,,,,sprakebull,wiegendorf
,spechbach,stegaurach,,,,,,tiste,,,schweich,,,,stadum,wiehe
,spiegelberg,stein-bei-nurnberg,,,,,,toppenstedt,,,schweigen-rechtenbach,,,,stafstedt,wiesenthal
,spraitbach,steinach,,,,,,tostedt,,,schweppenhausen,,,,stakendorf,wildenborten
,staig,steinbach,,,,,,tosterglope,,,seck,,,,stangheck,wildenspring
,staufen,steingaden,,,,,,trebel,,,sehlem,,,,stapelfeld,wildetaube
,stegen,steinhoring,,,,,,tulau,,,seibersbach,,,,stedesand,wilhelmsdorf
,steinach,steinwiesen,,,,,,twieflingen,,,selters,,,,steenfeld,willerstedt
,steinen,stephanskirchen,,,,,,twistringen,,,selzen,,,,stein,windehausen
,steinenbronn,stephansposching,,,,,,uchte,,,sembach,,,,steinberg,windischleuba
,steinhausen,stockheim,,,,,,uehrde,,,serrig,,,,steinbergkirche,wingerode
,steinheim-am-albuch,stockstadt-am-main,,,,,,uelsen,,,sessenhausen,,,,steinhorst,wintersdorf
,steinheim-am-der-murr,strasskirchen,,,,,,uelzen,,,siebeldingen,,,,stelle-wittenwurth,wipperdorf
,steinmauern,strasslach-dingharting,,,,,,uetze,,,siefersheim,,,,sterley,witterda
,steisslingen,straubing,,,,,,ummern,,,siershahn,,,,sterup,wittgendorf
,sternenfels,strullendorf,,,,,,undeloh,,,silz,,,,stipsdorf,witzleben
,stetten,sulzbach-am-main,,,,,,unterluss,,,simmern,,,,stockelsdorf,wohlsborn
,stetten-am-kalten-markt,sulzbach-rosenberg,,,,,,upgant-schott,,,simmertal,,,,stocksee,wolferbutt
,stimpfach,sulzberg,,,,,,uslar,,,singhofen,,,,stolk,wolferschwenda
,stockach,surberg,,,,,,utarp,,,sinzig,,,,stolpe,wolfershausen
,stodtlen,tacherting,,,,,,uthlede,,,sippersfeld,,,,stoltebull,wolfis
,strassberg,tann,,,,,,vahlberg,,,sohren,,,,stoltenberg,wolfsburg-unkeroda
,stuhlingen,tapfheim,,,,,,vahlbruch,,,sorgenloch,,,,stordorf,wolkramshausen
,stuttgart-feuerbach,taufkirchen,,,,,,vahlde,,,spabrucken,,,,storkathen,worbis
,stuttgart-muehlhausen,tegernheim,,,,,,varel,,,spangdahlem,,,,strande,wundersleben
,stuttgart-ost,tegernsee,,,,,,varrel,,,spay,,,,struckum,wunschendorf
,sulz-am-neckar,teisendorf,,,,,,vastorf,,,speicher,,,,strukdorf,wurzbach
,sulzbach-an-der-murr,teisnach,,,,,,vechelde,,,spessart,,,,struvenhutten,wustheuterode
,sulzburg,teublitz,,,,,,vechta,,,speyer,,,,struxdorf,zadelsdorf
,sulzfeld,thalmassing,,,,,,velpke,,,spiesheim,,,,stubben,zedlitz
,sussen,thannhausen,,,,,,veltheim,,,spirkelbach,,,,stuvenborn,zellamehlis
,taferrot,thierhaupten,,,,,,verden,,,sponheim,,,,suderau,zeulenroda
,talheim,thungersheim,,,,,,vienenburg,,,sprendlingen,,,,suderbrarup,ziegelheim
,tamm,thurnau,,,,,,vierden,,,stadecken-elsheim,,,,suderdorf,zimmern
,tannhausen,thyrnau,,,,,,vierhofen,,,stadtkyll,,,,suderende,zimmernsupra
,tannheim,tiefenbach,,,,,,visbek,,,staudernheim,,,,suderfahrenstedt,zollnitz
,tauberbischofsheim,tirschenreuth,,,,,,visselhovede,,,staudt,,,,suderhackstedt,zwinge
,tengen,tittling,,,,,,vogelsen,,,steffeln,,,,suderhastedt,
,teningen,tittmoning,,,,,,vollersode,,,steimel,,,,suderheistedt,
,tennenbronn,toging-am-inn,,,,,,voltlage,,,steinbach-am-donnersberg,,,,suderlugum,
,tettnang,traitsching,,,,,,vordorf,,,stein-bockenheim,,,,suderstapel,
,tiefenbach,traunreut,,,,,,vorwerk,,,steinefrenz,,,,sulfeld,
,tiefenbronn,traunstein,,,,,,vrees,,,steineroth,,,,susel,
,titisee-neustadt,treuchtlingen,,,,,,waake,,,steinfeld,,,,sylt-ost,
,todtmoos,triftern,,,,,,waddeweitz,,,steinweiler,,,,taarstedt,
,todtnau,trostberg-an-der-alz,,,,,,wagenfeld,,,steinwenden,,,,talkau,
,triberg,tuerkenfeld,,,,,,wagenhoff,,,stelzenberg,,,,tangstedt,
,trochtelfingen,tuntenhausen,,,,,,wahrenholz,,,stipshausen,,,,tappendorf,
,trossingen,turkheim,,,,,,walchum,,,stockum-puschen,,,,tarbek,
,tuebingen,tussenhausen,,,,,,walkenried,,,stromberg,,,,tarp,
,tunau,tuszshing,,,,,,wallenhorst,,,sulzheim,,,,tasdorf,
,tuningen,tutzing,,,,,,walsrode,,,taben-rodt,,,,tastrup,
,tuttlingen,ubersee,,,,,,wangelnstedt,,,tawern,,,,tating,
,uberlingen,uchtelhausen,,,,,,wangerooge,,,thaleischweiler-froschen,,,,techelsdorf,
,ubstadt-weiher,uehlfeld,,,,,,wanna,,,thalfang,,,,tellingstedt,
,uhingen,uffenheim,,,,,,warberg,,,thalhausen,,,,tensbuttel-rost,
,uhldingen-muhlhofen,uffing,,,,,,wardenburg,,,thomm,,,,tensfeld,
,uhlingen-birkendorf,unterfohring,,,,,,warmsen,,,thur,,,,tetenbull,
,ulm,untergriesbach,,,,,,warpe,,,tiefenbach,,,,tetenhusen,
,umkirch,unterhaching,,,,,,wasbuttel,,,tiefenthal,,,,thaden,
,ummendorf,untermeitingen,,,,,,wathlingen,,,traben-trarbach,,,,thumby,
,unlingen,unterneukirchen,,,,,,weener,,,trassem,,,,tielen,
,unter-bad-krozingen,unterpleichfeld,,,,,,weenzen,,,trechtingshausen,,,,timmaspe,
,untereisesheim,unterschleissheim,,,,,,wehrbleck,,,treis-karden,,,,timmendorfer-strand,
,unterensingen,untersiemau,,,,,,welle,,,trier,,,,tinningstedt,
,untergruppenbach,unterthingau,,,,,,wendeburg,,,trierweiler,,,,todenbuttel,
,unterjettingen,unterwossen,,,,,,wendisch-evern,,,trimbs,,,,todendorf,
,unterkirnach,ursberg,,,,,,wennigsen,,,trippstadt,,,,todesfelde,
,untermarchtal,ursensollen,,,,,,wenzendorf,,,trittenheim,,,,tolk,
,untermunkheim,uttenreuth,,,,,,werdum,,,trulben,,,,tonning,
,unterreichenbach,utting-am-ammersee,,,,,,werlaburgdorf,,,udenheim,,,,tornesch,
,unterschneidheim,valley,,,,,,werlte,,,udersdorf,,,,tramm,
,unterstadion,vaterstetten,,,,,,werpeloh,,,uelversheim,,,,trappenkamp,
,unterwachingen,veitsbronn,,,,,,wesendorf,,,uersfeld,,,,travemuende,
,urbach,veitshochheim,,,,,,weste,,,ulmen,,,,travenhorst,
,uttenweiler,velburg,,,,,,westergellersen,,,ulmet,,,,traventhal,
,utzenfeld,velden,,,,,,westerholt,,,undenheim,,,,treia,
,vaihingen-an-der-enz,viechtach,,,,,,westerstede,,,unkel,,,,tremsbuttel,
,vellberg,viereth-trunstadt,,,,,,westertimke,,,unnau,,,,trennewurth,
,veringenstadt,vierkirchen,,,,,,westerwalsede,,,urbach-uberdorf,,,,trittau,
,villingendorf,vilsbiburg,,,,,,westfeld,,,urbar,,,,trondel,
,villingen-schwenningen,vilseck,,,,,,wetschen,,,urmitz,,,,tumlauer-koog,
,vogt,vilshofen,,,,,,wettrup,,,urzig,,,,tuttendorf,
,vogtsburg,vogtareuth,,,,,,weyhausen,,,uxheim,,,,twedt,
,vohrenbach,vohburg-an-der-donau,,,,,,wieda,,,vallendar,,,,uelvesbull,
,vohringen,vohenstrauss,,,,,,wiedensahl,,,veitsrodt,,,,uetersen,
,volkertshausen,vohringen,,,,,,wiefelstede,,,veldenz,,,,ulsby,
,vorstetten,volkach,,,,,,wielen,,,venningen,,,,ulsnis,
,waghausel,waakirchen,,,,,,wienhausen,,,vettelschoss,,,,utersum,
,waiblingen,wackersberg,,,,,,wieren,,,vinningen,,,,vaale,
,waibstadt,wackersdorf,,,,,,wiesmoor,,,volkersweiler,,,,vaalermoor,
,wain,waging-am-see,,,,,,wietmarschen,,,volxheim,,,,viol,
,wald,waigolshausen,,,,,,wietze,,,vorderweidenthal,,,,vollerwiek,
,waldburg,waischenfeld,,,,,,wietzen,,,wachenheim-an-der-weinstrasse,,,,vollstedt,
,waldenbuch,wald,,,,,,wietzendorf,,,wackernheim,,,,waabs,
,waldenburg,waldaschaff,,,,,,wildemann,,,wahlrod,,,,wacken,
,waldkirch,waldbuttelbrunn,,,,,,wildeshausen,,,wahnwegen,,,,wagersrott,
,waldshut-tiengen,waldershof,,,,,,wilhelmshaven,,,waldalgesheim,,,,wahlstedt,
,waldstetten,waldkirchen,,,,,,wilstedt,,,waldbockelheim,,,,wahlstorf,
,walheim,waldkraiburg,,,,,,wilsum,,,waldbreitbach,,,,walksfelde,
,walldorf,waldmunchen,,,,,,windhausen,,,waldfischbach-burgalben,,,,wallsbull,
,walldurn,waldsassen,,,,,,wingst,,,waldlaubersheim,,,,wanderup,
,wallhausen,wallenfels,,,,,,winkelsett,,,waldmohr,,,,wangelau,
,wangen,wallersdorf,,,,,,winnigstedt,,,waldorf,,,,wangels,
,wangen-im-allgau,wallerstein,,,,,,winsen,,,waldrach,,,,wankendorf,
,wannweil,waltenhofen,,,,,,winzenburg,,,waldsee,,,,wapelfeld,
,warthausen,warngau,,,,,,wippingen,,,waldweiler,,,,warder,
,waschenbeuren,wartenberg,,,,,,wirdum,,,wallersheim,,,,warnau,
,wehingen,wasserburg,,,,,,wischhafen,,,wallertheim,,,,warringholz,
,wehr,wasserburg-am-inn,,,,,,wistedt,,,wallhalben,,,,wasbek,
,weidenstetten,wasserlosen,,,,,,wittingen,,,wallhausen,,,,wattenbek,
,weikersheim,wassertrudingen,,,,,,wittmar,,,wallmenroth,,,,weddelbrook,
,weil-am-rhein,wegscheid,,,,,,wittmund,,,wallmerod,,,,weddingstedt,
,weil-der-stadt,wehringen,,,,,,wittorf,,,walsdorf,,,,wedel,
,weilen-unter-den-rinnen,weichs,,,,,,wohnste,,,wassenach,,,,weede,
,weilheim,weiden,,,,,,wolfenbuttel,,,wasserliesch,,,,wees,
,weilheim-an-der-teck,weidhausen-bei-coburg,,,,,,wolfsburg,,,wattenheim,,,,weesby,
,weil-im-schonbuch,weiding,,,,,,wollbrandshausen,,,waxweiler,,,,welmbuttel,
,weingarten,weihenzell,,,,,,wollershausen,,,wehr,,,,welt,
,weinheim,weiherhammer,,,,,,wolpinghausen,,,weibern,,,,wendtorf,
,weinsberg,weil,,,,,,wolsdorf,,,weidenthal,,,,wensin,
,weinstadt-endersbach,weiler-simmerberg,,,,,,woltersdorf,,,weiler,,,,wentorf,
,weisenbach,weilheim-in-oberbayern,,,,,,woltershausen,,,weilerbach,,,,wesenberg,
,weissach,weisendorf,,,,,,worpswede,,,weingarten,,,,wesselburen,
,weissbach,weismain,,,,,,wremen,,,weinolsheim,,,,wesselburener-deichhausen,
,weisweil,weissenbrunn,,,,,,wrestedt,,,weinsheim,,,,wesselburenerkoog,
,wellendingen,weissenburg-in-bayern,,,,,,wriedel,,,weisel,,,,wesseln,
,welzheim,weissenhorn,,,,,,wulfsen,,,weissenthurm,,,,westensee,
,wembach,weissensberg,,,,,,wulften,,,weitefeld,,,,westerau,
,wendlingen-am-neckar,weissenstadt,,,,,,wulsbuttel,,,weitersburg,,,,westerborstel,
,werbach,weitnau,,,,,,wunstorf,,,wellen,,,,westerdeichstrich,
,wernau,weitramsdorf,,,,,,wustrow,,,welling,,,,westerhever,
,wertheim,welden,,,,,,zernien,,,welschbillig,,,,westerhorn,
,westerheim,wemding,,,,,,zetel,,,welschneudorf,,,,westerland,
,westerstetten,wendelstein,,,,,,zeven,,,wendelsheim,,,,westermoor,
,westhausen,wenzenbach,,,,,,zorge,,,wernersberg,,,,wester-ohrstedt,
,widdern,wernberg-koblitz,,,,,,,,,wershofen,,,,westerrade,
,wieden,werneck,,,,,,,,,weselberg,,,,westerronfeld,
,wiernsheim,wertingen,,,,,,,,,westerburg,,,,westre,
,wiesenbach,wessling,,,,,,,,,westernohe,,,,wewelsfleth,
,wiesensteig,weyarn,,,,,,,,,westheim,,,,wiemersdorf,
,wiesloch,wiesau,,,,,,,,,westhofen,,,,wiemerstedt,
,wildberg,wiesenfelden,,,,,,,,,weyerbusch,,,,wiershop,
,wilhelmsdorf,wiesentheid,,,,,,,,,wilgartswiesen,,,,willenscharen,
,wilhelmsfeld,wiggensbach,,,,,,,,,willmenrod,,,,wilster,
,willstatt,wildflecken,,,,,,,,,willroth,,,,windbergen,
,wimsheim,wilhelmsthal,,,,,,,,,wiltingen,,,,windeby,
,winnenden,wilhermsdorf,,,,,,,,,wincheringen,,,,winnemark,
,winterbach,windach,,,,,,,,,winden,,,,winnert,
,winterlingen,windischeschenbach,,,,,,,,,windesheim,,,,winseldorf,
,wittlingen,windsbach,,,,,,,,,windhagen,,,,winsen,
,wittnau,winhoring,,,,,,,,,winningen,,,,wisch,
,wolfach,winkelhaid,,,,,,,,,winnweiler,,,,wittbek,
,wolfegg,winzer,,,,,,,,,winterspelt,,,,wittdun,
,wolfschlugen,wolframs-eschenbach,,,,,,,,,wintrich,,,,wittenbergen,
,wolpertshausen,wolfratshausen,,,,,,,,,wirges,,,,wittenborn,
,wolpertswende,wolnzach,,,,,,,,,wissen,,,,wittmoldt,
,wornersberg,worth,,,,,,,,,wissmannsdorf,,,,witzeeze,
,wort,worth-am-main,,,,,,,,,wittlich,,,,witzhave,
,wurmberg,worth-an-der-donau,,,,,,,,,woldert,,,,witzwort,
,wurmlingen,worthsee,,,,,,,,,wolfsheim,,,,wobbenbull,
,wustenrot,wuerzburg,,,,,,,,,wolfstein,,,,wohlde,
,wutoschingen,wunsiedel,,,,,,,,,wolken,,,,wohltorf,
,wyhl,wurmannsquick,,,,,,,,,wollstein,,,,wohrden,
,zaberfeld,zapfendorf,,,,,,,,,wolsfeld,,,,wolmersdorf,
,zaisenhausen,zeil,,,,,,,,,wonsheim,,,,woltersdorf,
,zell,zeitlarn,,,,,,,,,worms,,,,worth,
,zell-im-wiesental,zell-am-main,,,,,,,,,worrstadt,,,,wrist,
,zell-unter-aichelberg,zellingen,,,,,,,,,worth-am-rhein,,,,wrixum,
,zimmern-ob-rottweil,ziemetshausen,,,,,,,,,zeiskam,,,,wrohm,
,zuzenhausen,zirndorf,,,,,,,,,zell,,,,wulfsmoor,
,zweiflingen,zolling,,,,,,,,,zeltingen-rachtig,,,,wyk-auf-fohr,
,zwiefalten,zorneding,,,,,,,,,zemmer,,,,zarpen,
,zwingenberg,zusmarshausen,,,,,,,,,zerf,,,,ziethen,
,,,,,,,,,,,zornheim,,,,,
,,,,,,,,,,,zusch,,,,,
,,,,,,,,,,,zweibrucken,,,,,
