italy,abruzzo,aosta-valley,apulia,basilicata,calabria,campania,emilia-romagna,friuli-venezia-giulia,latium,liguria,lombardy,marche,molise,piedmont,sardinia,sicily,trentino-alto-adige,tuscany,umbria,venetio
abruzzo,aielli,aosta,accadia,abriola,acquaformosa,acerno-borbone,agazzano,aiello-del-friuli,acquapendente,alassio,abbadia-lariana,acqualagna,agnone,acqui-terme,abbasanta,acate,ala,abbadia-san-salvatore,acquasparta,abano-terme
aosta-valley,alanno,arnad,acquarica-del-capo,accettura,acquappesa,acerra,albereto-di-borgotaro,ampezzo,acuto,albenga,abbiategrasso,acquasanta-terme,baranello,agliano-terme,aggius,aci-bonaccorsi,albiano,agliana,allerona,adria
apulia,alba-adriatica,ayas,acquaviva-delle-fonti,acerenza,acquaro,afragola,albinea,aquileia,affile,albisola-marina,acquanegra-sul-chiese,acquaviva-picena,boiano,aglie,ala-dei-sardi,aci-castello,aldeno,altopascio,alviano,affi
basilicata,altino,aymavilles,adelfia,albano-di-lucania,acri,agerola,alfonsine,arba,agosta,albisola-superiore,adrara-san-martino,agugliano,bonefro,agrate-conturbia,ales,aci-catena,aldino-aldein,anghiari,amelia,agna
calabria,ancarano,charvensod,alberobello,aliano,africo,agropoli,alseno,arta-terme,alatri,altare,adro,altidona,busso,airasca,alghero,aci-sant-antonio,andalo,arcidosso,arrone,agordo
campania,archi,chatillon,alberona,anzi,africo-vecchio,aiello-del-sabato,anzola-dell-emilia,artegna,albano-laziale,ameglia,agnadello,amandola,campobasso,alba,arborea,aci-trezza,appiano,arezzo,assisi,agugliaro
emilia-romagna,ari,cogne,alessano,atella,aiello-calabro,ailano,argelato,arzene,allumiere,andora,agnosine,ancona,campodipietra,albiano-d-ivrea,arbus,acireale,arco,asciano,attigliano,alano-di-piave
friuli-venezia-giulia,arielli,courmayeur,alezio,avigliano,albi,airola,argenta,attimis,alvito,arcola,agrate-brianza,apecchio,campolieto,alessandria,ardauli,acitrezza,avio,aulla,avigliano,albaredo-d-adige
latium,ateleta,donnas,alliste,balvano,albidona,albanella,bagnacavallo,aurisina,amaseno,arenzano,aicurzio,apiro,campomarino,alice-castello,aritzo,acquaviva-platani,badia,badia-tedalda,baschi,albettone
liguria,atessa,fenis,altamura,banzi,altomonte,alfano,bagnara-di-romagna,aviano,amatrice,avegno,airuno,appignano,capracotta,alluvioni-cambio,arzachena,acque-dolci,bagni-di-rabbi,bagni-di-lucca,bastia,albignasego
lombardy,atri,gignod,andrano,baragiano,amantea,alife,bagno-di-romagna,azzano-decimo,anagni,badalucco,albairate,appignano-del-tronto,carovilli,almese,arzana,adrano,barbiano-barbian,bagno-a-ripoli,bettona,alleghe
marche,avezzano,gressan,andria,barile,amaroni,altavilla-irpina,bagnolo-in-piano,bagnario-arsa,anguillara-sabazia,bargagli,albano-sant-alessandro,arcevia,carpinone,alpignano,assemini,agira,baselga-di-pine,bagnone,bevagna,alonte
molise,balsorano,hone,anzano-di-puglia,bella,amato,altavilla-silentina,baiso,basiliano,antrodoco,bergeggi,albavilla,arquata-del-tronto,casacalenda,andezeno,atzara,agrigento,bedollo,barberino-di-mugello,calvi-dell-umbria,altavilla-vicentina
piedmont,balsorano-vecchio,issogne,apricena,bernalda,amendolara,alvignano,bardi,bertiolo,anzio,beverino,albese-con-cassano,ascoli-piceno,castelmauro,andorno-micca,badesi,aidone,besenello,barberino-di-val-d-elsa,campello-sul-clitunno,altissimo
sardinia,barisciano,la-salle,aradeo,brienza,anoia,amalfi,baricella,bicinicco,aprilia,bogliasco,albiate,auditore,castelpetroso,antignano,baratili-san-pietro,alcamo,bleggio-inferiore,barga,cannara,altivole
sicily,basciano,montjovet,arnesano,calvello,antonimina,amorosi,bastiglia,brugnera,aquino,boissano,albino,barbara,castropignano,arborio,bari-sardo,alcara-li-fusi,bleggio-superiore,bibbiena,cascia,angiari
trentino-alto-adige,bellante,morgex,ascoli-satriano,cancellara,ardore,anacapri,bazzano,budoia,arce,bolano,albiolo,belforte-del-chienti,cercemaggiore,arizzano,barrali,alessandria-della-rocca,bolzano-bozen,bibbona,castel-giorgio,anguillara-veneta
tuscany,bisenti,nus,avetrana,castelgrande,arena,andretta,bedonia,buja,arcinazzo-romano,bordighera,albizzate,belvedere-ostrense,cerro-al-volturno,armeno,barumini,ali-terme,borgo,bientina,castel-ritaldi,annone-veneto
umbria,bolognano,pollein,bagnolo-del-salento,castelluccio-inferiore,badolato,angri,bentivoglio,buttrio,ardea,borghetto-di-vara,albosaggia,cagli,colletorto,arona,baunei,alia,brennero,borgo-a-buggiano,castel-viscardo,arcade
venetio,bucchianico,pont-saint-martin,bari,castelsaraceno,bagaladi,apice,berceto,camino-al-tagliamento,ariccia,borghetto-santo-spirito,albuzzano,caldarola,colli-al-volturno,arquata-scrivia,benetutti,alimena,brennero-brenner,borgo-a-mozzano,castiglione-del-lago,arcole
,bugnara,quart,barletta,castronuovo-di-sant-andrea,bagnara-calabra,apollosa,berra,campoformido,arnara,borgio-verezzi,alfianello,camerano,ferrazzano,asigliano-vercellese,berchidda,aliminusa,brentonico,borgo-san-lorenzo,cerreto-di-spoleto,arcugnano
,bussi-sul-tirino,saint-christophe,biccari,chiaromonte,belcastro,aquara,bertinoro,caneva,arpino,borzonasca,alme,camerata-picena,fornelli,asti,bitti,altavilla-milicia,bressanone,bucine,citerna,ariano-nel-polesine
,cagnano-amiterno,saint-marcel,binetto,colobraro,belmonte-calabro,aquilonia,bettola,capriva-del-friuli,arsoli,brugnato,almenno-san-bartolomeo,camerino,fossalto,avigliana,bolotana,altofonte,bronzolo,buonconvento,citta-della-pieve,arqua-petrarca
,campli,saint-pierre,bisceglie,corleto-perticara,belvedere-di-spinello,ariano-irpino,bibbiano,carlino,artena,busalla,almenno-san-salvatore,campofilone,frosolone,azeglio,bonarcado,antillo,brunico,buti,citta-di-castello,arqua-polesine
,canistro,saint-vincent,bitetto,episcopia,belvedere-marittimo,arienzo,bobbio,casarsa-della-delizia,atina,cairo-montenotte,alzano-lombardo,cantiano,gambatesa,bagnasco,bonnanaro,aragona,calavino,calci,collazzone,arre
,canosa-sannita,sarre,bitonto,ferrandina,benestare,arnone,bologna,cassacco,ausonia,calice-al-cornoviglio,alzate-brianza,carassai,guardialfiera,bagnolo-piemonte,bono,assoro,calceranica-al-lago,calcinaia,corciano,arsie
,canzano,valtournenche,bitritto,filiano,bianchi,arpaia,bomporto,castions-di-strada,bagnoregio,calice-ligure,ambivere,carpegna,guglionesi,balangero,bonorva,augusta,caldaro,calenzano,costacciaro,arsiero
,capistrello,verrayes,botrugno,forenza,bianco,arzano,bondeno,cavasso-nuovo,bassano-in-teverina,calizzano,angera,cartoceto,ielsi,baldichieri,borore,avola,caldes,camaiore,deruta,arzergrande
,cappelle-sul-tavo,verres,bovino,francavilla-in-sinni,bisignano,ascea,boretto,cavazzo-carnico,bassano-romano,camogli,angolo-terme,castelbellino,isernia,baldissero-d-alba,bortigali,bagheria,caldonazzo,campagnatico,fabro,arzignano
,caramanico-terme,villeneuve,brindisi,gallicchio,bivongi,atena-lucana,borghi,cervignano-del-friuli,bassiano,campo-ligure,annicco,castel-di-lama,larino,baldissero-torinese,bosa,balestrate,calliano,campi-bisenzio,ferentillo,asiago
,carsoli,,cagnano-varano,garaguso,bocchigliero,atripalda,borgo-tossignano,chions,bellegra,campomorone,annone-di-brianza,castelfidardo,macchiagodena,balzola,budduso,barcellona-pozzo-di-gotto,campodenno,campiglia-marittima,ficulle,asolo
,casacanditella,,calimera,genzano-di-lucania,bonifati,auletta,borgo-val-di-taro,cividale-del-friuli,blera,camporosso,antegnate,castelleone-di-suasa,mafalda,banchette,budoni,barrafranca,campo-di-trens,campo-nell-elba,foligno,auronzo-di-cadore
,casalanguida,,campi-salentina,gorgoglione,borgia,avella,borgonovo-val-tidone,claut,bolsena,carasco,anzano-del-parco,castelplanio,matrice,barbania,buggerru,baucina,campo-tures,camporgiano,fossato-di-vico,badia-calavena
,casalbordino,,candela,grassano,botricello,avellino,brescello,codroipo,bomarzo,carcare,appiano-gentile,castelraimondo,mirabello-sannitico,bardonecchia,bultei,belmonte-mezzagno,canal-san-bovo,cantagallo,fratta-todina,badia-polesine
,casalincontrada,,cannole,grottole,bovalino-marina,aversa,brisighella,collofedo-di-monte-albano,borgorose,casarza-ligure,aprica,castignano,miranda,barge,burcei,belpasso,canazei,capalbio,giano-dell-umbria,bagnoli-di-sopra
,casoli,,canosa-di-puglia,grumento-nova,bovalino-superiore,bacoli,budrio,cordenons,boville-ernica,casella,arcene,castorano,montagano,basaluzzo,burgos,biancavilla,castelbello,capannoli,giove,bagnolo-di-po
,castel-di-sangro,,caprarica-di-lecce,irsina,bova-marina,bagnoli,busana,cordovado,bracciano,castellaro,arcisate,cerreto-d-esi,montaquila,bassignana,busachi,bisacquino,castello-di-fiemme,capannori,gualdo-cattaneo,baone
,castelfrentano,,capurso,lagonegro,brancaleone-superiore,bagnoli-irpino,busseto,cormons,broccostella,castelnuovo-di-magra,arconate,chiaravalle,montecilfone,baveno,cabras,bivona,castello-tesino,capoliveri,gualdo-tadino,barbarano-vicentino
,castellafiume,,carapelle,latronico,briatico,baia,cadelbosco-di-sopra,corno-di-rosazzo,campagnano-di-roma,castiglione-chiavarese,arcore,cingoli,montefalcone-del-sannio,beinasco,cagliari,blufi,castelrotto,capolona,guardea,bardolino
,castellalto,,carlantino,laurenzana,bruzzano-zeffirio,baiano,cadeo,coseano,campoli-appennino,celle-ligure,ardenno,civitanova-marche,montenero-di-bisaccia,beinette,calangianus,bolognetta,cavalese,capraia-e-limite,gubbio,baruchella
,castelli,,carmiano,lauria-inferiore,buonvicino,barano-d-ischia,calderara-di-reno,dignano,canale-monterano,cengio,ardesio,colbordolo,monteroduni,bellinzago-novarese,calasetta,bompietro,cavedine,caprese-michelangelo,lugnano-in-teverina,bassano-del-grappa
,castelvecchio-subequo,,carosino,lavello,caccuri,baronissi,calendasco,doberdo-del-lago,canepina,ceranesi,arena-po,colli-del-tronto,oratino,bene-vagienna,capoterra,borgetto,cembra,carmignano,magione,battaglia-terme
,castiglione-messer-marino,,carovigno,maratea,calanna,baselice,calerno,duino,canino,ceriale,arese,colmurano,palata,benna,carbonia,brolo,cermes,carrara,maltignano,belfiore
,castiglione-messer-raimondo,,carpignano-salentino,marsico-nuovo,calopezzati,battipaglia,calestano,enemonzo,cantalice,ceriana,arluno,comunanza,pesche,bernezzo,cardedu,bronte,chienes,casale-marittimo,marsciano,belluno
,castilenti,,carpino,marsico-vetere,caloveto,bellizzi,campagnola-emilia,faedis,cantalupo-in-sabina,cervo,arosio,corinaldo,pescolanciano,beura,carloforte,buccheri,chiesa,casciana-terme,massa-martana,bergantino
,catignano,,casalnuovo-monterotaro,maschito,campana,bellizzi-irpino,campegine,fagagna,capena,chiavari,arsago-seprio,corridonia,petacciato,biandrate,castelsardo,burgio,chiusa,cascina,monte-castello-di-vibio,bevilacqua
,celano,,casalvecchio-di-puglia,matera,campo-calabro,bellona,campogalliano,fanna,capodimonte,cicagna,artogne,cossignano,petrella-tifernina,bianze,castiadas,buscemi,civezzano,casola-in-lunigiana,montecastrilli,bibione
,celenza-sul-trigno,,casamassima,melfi,capistrano,bellosguardo,camposanto,farra-d-isonzo,capranica,cipressa,arzago-d-adda,cupra-marittima,pietracatella,bibiana,chiaramonti,buseto-palizzolo,cles,casole-d-elsa,montecchio,boara-pisani
,cellino-attanasio,,casarano,metaponto,capocasale,benevento,camugnano,fiume-veneto,caprarola,cisano-sul-neva,asola,cupramontana,portocannone,biella,codrongianos,butera,condino,castagneto-carducci,montefalco,bolzano-vicentino
,cepagatti,,cassano-delle-murge,miglionico,caraffa-di-catanzaro,bisaccia,canossa,fiumicello,carbognano,cogoleto,assago,esanatoglia,pozzilli,bioglio,collinas,caccamo,coredo,castel-del-piano,montefranco,bonavigo
,cerchio,,castellana-grotte,moliterno,cardeto,bonea,caorso,flaibano,carpineto-romano,cogorno,asso,fabriano,riccia,bistagno,cuglieri,calamonaci,cornedo-all-isarco-karneid,castelfiorentino,montegabbione,borgoricco
,cermignano,,castellaneta,montalbano-ionico,cardinale,bonito,carpaneto-piacentino,fogliano-redipuglia,casalvieri,cosseria,azzano-mella,falconara-marittima,rionero-sannitico,boca,decimomannu,calascibetta,cortaccia,castel-focognano,monte-grimano,borso-del-grappa
,chieti,,castelluccio-dei-sauri,montemilone,careri,boscoreale,carpi,folgaria-nel-friuli,casperia,davagna,azzano-san-paolo,falerone,ripalimosani,bogogno,decimoputzu,calatabiano,corvara-in-badia,castelfranco-di-sopra,monteleone-d-orvieto,bosaro
,citta-sant-angelo,,castelluccio-valmaggiore,montemurro,cariati,boscotrecase,carpineti,fontanafredda,cassino,dego,azzate,fano,roccamandolfi,bollengo,desulo,calatafimi,curon-venosta,castelfranco-di-sotto,monte-santa-maria-tiberina,boschi-sant-anna
,civita-d-antino,,castelnuovo-della-daunia,montescaglioso,carlopoli,bracigliano,casal-fiumanese,forni-di-sopra,castel-gandolfo,deiva-marina,bagnatica,fermignano,rocchetta-a-volturno,bolzano-novarese,dolianova,caltabellotta,denno,castell-azzara,montone,bosco-chiesanuova
,civitaquana,,castri-di-lecce,muro-lucano,carolei,brusciano,casalecchio-di-reno,gemona-del-friuli,castel-madama,diano-castello,bagnolo-cremasco,fermo,rotello,borgaro-torinese,domus-de-maria,caltagirone,dimaro,castellina-in-chianti,narni,bovolenta
,civitella-casanova,,castrignano-de-greci,nemoli,casabona,bucciano,casalgrande,gonars,castel-sant-angelo,diano-marina,bagnolo-mella,filottrano,san-giacomo-degli-schiavoni,borghetto-di-borbera,domusnovas,caltanissetta,dobbiaco,castellina-marittima,nocera-umbra,bovolone
,civitella-del-tronto,,castrignano-del-capo,noepoli,casole-bruzio,buccino,casina,gorizia,castel-sant-elia,diano-san-pietro,bagnolo-san-vito,fiuminata,san-giuliano-del-sannio,borgo-d-ale,donori,caltavuturo,dro,castelnuovo-berardenga,norcia,breda-di-piave
,civitella-roveto,,castro,nova-siri,cassano-al-ionio,buonabitacolo,casola-valsenio,gradisca-d-isonzo,castelforte,dolceacqua,bagolino,folignano,san-giuliano-di-puglia,borgofranco-d-ivrea,dorgali,camastra,egna,castelnuovo-di-garfagnana,orvieto,breganze
,collarmele,,cavallino,oppido-lucano,castelsilano,buonalbergo,castel-bolognese,grado,castelliri,dolcedo,ballabio,force,san-martino-in-pensilis,borgo-lavezzaro,elmas,cammarata,falcade,castelnuovo-di-val-di-cecina,otricoli,brendola
,collecorvino,,ceglie-messapico,palazzo-san-gervasio,castiglione-cosentino,caggiano,castel-d-aiano,latisana,castelnuovo-di-porto,finale-ligure,baranzate,fossombrone,santa-croce-di-magliano,borgomanero,escalaplano,campobello-di-licata,falzes,castel-san-niccolo,panicale,brentino-belluno
,colledara,,celenza-valfortore,paterno,castrolibero,caianello,castel-del-rio,lestizza,castiglione-in-teverina,genova,barasso,fratte-rosa,sant-agapito,borgone-susa,florinas,campobello-di-mazara,fiave,castiglione-della-pescaia,passignano-sul-trasimeno,brenzone
,collelongo,,cellamare,pescopagano,castrovillari,caiazzo,castel-di-casio,lignano-sabbiadoro,castro-dei-volsci,imperia,barbariga,frontone,sant-elia-a-pianisi,borgo-san-dalmazzo,fluminimaggiore,campofelice-di-roccella,fie,castiglione-di-garfagnana,penna-in-teverina,bressanvido
,colonnella,,cellino-san-marco,picerno,catanzaro,caivano,castel-guelfo-di-bologna,magnano-in-riviera,castrocielo,isola-del-cantone,bareggio,gabicce,sepino,borgo-san-martino,fonni,campofiorito,folgaria,castiglione-d-orcia,perugia,brogliano
,controguerra,,cerignola,pietragalla,caulonia,calabritto,castel-maggiore,majano,cave,laigueglia,bariano,genga,sesto-campano,borgosesia,fordongianus,campofranco,fondo,castiglion-fibocchi,piegaro,brugine
,corropoli,,chieuti,pietrapertosa,celico,calitri,castel-san-giovanni,malborghetto-valbruna,ceccano,la-spezia,barlassina,gradara,spinete,borgo-ticino,furtei,camporeale,fornace,castiglion-fiorentino,pietralunga,burano
,crecchio,,cisternino,pignola,cerchiara-di-calabria,calvanico,castel-san-pietro-terme,maniago,celleno,lavagna,barzago,grottammare,termoli,borgo-vercelli,gairo-sant-elena,camporotondo-etneo,funes-villnoess,cavriglia,porano,bussolengo
,crognaleto,,collepasso,pisticci,cerenzia,calvi,castelfranco-emilia,manzano,cellere,leivi,barzana,grottazzolina,toro,bosco-marengo,galtelli,canicatti,gais,cecina,san-gemini,buttapietra
,cugnoli,,conversano,policoro,cerisano,calvi-risorta,castellarano,marano-lagunare,ceprano,lerici,barzano,jesi,trivento,bosconero,gavoi,canicattini-bagni,gargazzone,cerreto-guidi,san-giustino,cadoneghe
,cupello,,copertino,pomarico,cerva,calvizzano,castell-arquato,mariano-del-friuli,cerreto-laziale,levanto,basiano,lapedona,tufara,bosio,genoni,capaci,giovo,certaldo,san-venanzo,caerano-di-san-marco
,elice,,corato,potenza,cervicati,camerota,castello-d-argile,martignacco,cervaro,loano,basiglio,loreto,ururi,boves,gergei,capizzi,grigno,cetona,scheggia,calalzo
,fara-filiorum-petri,,corigliano-d-otranto,rapolla,cerzeto,camigliano,castello-di-serravalle,meduno,cerveteri,lumarzo,bassano-bresciano,loro-piceno,venafro,bra,gesturi,capo-d-orlando,imer,chianciano-terme,sellano,caldiero
,fara-san-martino,,corsano,rapone,cessaniti,campagna,castelnovo-di-sotto,mereto-di-tomba,ciampino,mallare,bedizzole,lunano,vinchiaturo,brandizzo,ghilarza,capri-leone,isera,chianni,sigillo,caldogno
,farindola,,crispiano,rionero-in-vulture,cetraro,campolattaro,castelnovo-ne--monti,moggio-udinese,ciciliano,masone,belgioioso,macerata,,bricherasio,giba,carini,laces,chiesina-uzzanese,spello,caltrano
,filetto,,cursi,ripacandida,chiaravalle-centrale,campoli-del-monte-taburno,castelnuovo-rangone,moimacco,cisterna-di-latina,mele,bellagio,macerata-feltria,,briga-novarese,golfo-aranci,carlentini,lagundo,chiusdino,spoleto,calvene
,fossacesia,,cutrofiano,rivello,cicala,camposano,castelvetro-di-modena,monfalcone,cittaducale,mezzanego,bellano,magliano-di-tenna,,briona,golfo-arnaci,caronia,laion,chiusi,stroncone,camisano-vicentino
,francavilla-al-mare,,deliceto,roccanova,cinquefrondi,cancello,castelvetro-piacentino,montereale-valcellina,civita-castellana,mignanego,bellinzago-lombardo,maiolati-spontini,,brossasco,gonnesa,casalvecchio-siculo,laives-leifers,chiusi-della-verna,terni,campagna-lupia
,fresagrandinaria,,diso,rotonda,ciro,candida,castenaso,morsano-al-tagliamento,civitavecchia,millesimo,bellusco,maltignano,,bruino,gonnosfanadiga,castel-di-iudica,lana,cinigiano,todi,campiglia-dei-berici
,frisa,,erchie,rotondella,ciro-marina,cannalonga,castiglione-dei-pepoli,mortegliano,civitella-d-agliano,moconesi,berbenno,massignano,,brusasco,guamaggiore,castel-di-lucio,lasa,civitella-in-val-di-chiana,torgiano,campodarsego
,furci,,faggiano,ruoti,cittanova,capaccio,cattolica,moruzzo,civitella-san-paolo,moneglia,berbenno-di-valtellina,matelica,,brusnengo,guasila,castelbuono,lasino,civitella-marittima,trevi,campodoro
,gessopalena,,fasano,ruvo-del-monte,civita,capodrise,cavezzo,mossa,colfelice,monterosso-al-mare,beregazzo-con-figliaro,mercatello-sul-metauro,,bruzolo,guspini,casteldaccia,la-valle-wengen,civitella-paganico,tuoro-sul-trasimeno,campolongo-maggiore
,gioia-dei-marsi,,foggia,salandra,cleto,caposele,cavriago,muggia,colleferro,montoggio,bereguardo,mercatino-conca,,buriasco,iglesias,castellammare-del-golfo,lavis,colle-di-val-d-elsa,umbertide,camponogara
,gissi,,fragagnano,san-chirico-nuovo,colosimi,capri,cento,muzzana-del-turgnano,collevecchio,ne,bergamo,mogliano,,burolo,ilbono,castellana-sicula,levico-terme,colle-salvetti,valfabbrica,camposampiero
,giuliano-teatino,,francavilla-fontana,san-chirico-raparo,condofuri,capriati-al-volturno,cervia,nimis,colonna,noli,berlingo,mombaroccio,,busano,illorai,castell-umberto,lomaso,coreglia-antelminelli,valtopina,campo-san-martino
,giulianova,,gagliano-del-capo,san-fele,conflenti,capriglia,cesena,oltreacqua,contigliano,ortonovo,bernareggio,mondavio,,busca,irgoli,casteltermini,luson,cortona,,canale-d-agordo
,guardiagrele,,galatina,san-giorgio-lucano,corigliano-calabro,capua,cesenatico,osoppo,corchiano,ortovero,bernate-ticino,mondolfo,,bussoleno,isili,castelvetrano,magre-sulla-strada-del-vino,crespina,,canaro
,introdacqua,,galatone,san-mauro-forte,cortale,carbonara-di-nola,civitella-di-romagna,ovaro,coreno-ausonio,ospedaletti,berzo,monsampolo-del-tronto,,buttigliera-alta,ittiri,castiglione-di-sicilia,male,cutigliano,,candiana
,isola-del-gran-sasso-d-italia,,gallipoli,san-severino-lucano,cosenza,cardito,codigoro,pagnacco,cori,piano-di-follo,berzo-inferiore,monsano,,buttigliera-d-asti,jerzu,castrofilippo,malles-venosta,dicomano,,candide
,lama-dei-peligni,,ginosa,sant-angelo-le-fratte,cotronei,carife,coli,palazzolo-dello-stella,esperia,pietra-ligure,besana-in-brianza,montalto-delle-marche,,cafasse,laconi,castronuovo-di-sicilia,marebbe-enneberg,empoli,,caorle
,lanciano,,gioia-del-colle,sant-arcangelo,crichi,carinaro,collagna,palmanova,fabrica-di-roma,pieve-di-teco,besano,montappone,,calamandrana,laerru,castroreale,marlengo,fauglia,,cappella-maggiore
,l-aquila,,giovinazzo,sarconi,cropalati,carinola,collecchio,paluzza,faleria,pieve-ligure,besate,montecalvo-in-foglia,,calliano,la-maddalena,catania,meltina,fiesole,,caprino-veronese
,lecce-ne-marsi,,giuggianello,satriano-di-lucania,cropani,casagiove,colorno,pasian-di-prato,fara-in-sabina,pontedassio,besnate,montecarotto,,calosso,lanusei,catenanuova,merano,figline-valdarno,,carbonera
,lettomanoppello,,giurdignano,savoia-di-lucania,crosia,casalbore,comacchio,pasiano,farnese,portovenere,besozzo,montecassiano,,caltignaga,loceri,cattolica-eraclea,mezzano,filattiera,,carceri
,loreto-aprutino,,gravina-in-puglia,scanzano,crotone,casalbuono,compiano,paularo,ferentino,quiliano,biandronno,monteciccardo,,caluso,lode,cefalu,mezzocorona,firenzuola,,carmignano-di-brenta
,luco-dei-marsi,,grottaglie,senise,crucoli,casal-di-principe,concordia-sulla-secchia,pavia-di-udine,fiamignano,rapallo,biassono,montecopiolo,,cambiano,loiri,centuripe,mezzolombardo,fivizzano,,carre
,magliano-de-marsi,,grumo-appula,spinoso,curinga,casalduni,conselice,pinzano-al-tagliamento,fiano-romano,recco,bienno,montecosaro,,cambiasca,lotzorai,cerami,moena,florence,,cartigliano
,manoppello,,guagnano,stigliano,cutro,casaletto-spartano,copparo,pocenia,fiuggi,rezzoaglio,bigarello,montefano,,camburzano,lula,cerda,molina-di-ledro,foiano-della-chiana,,cartura
,martinsicuro,,ischitella,terranova-di-pollino,dasa,casalnuovo-di-napoli,coriano,polcenigo,fiumicino,ricco-del-golfo-di-spezia,binago,montefelcino,,cameri,lunamatrona,cesaro,molveno,follonica,,casale-di-scodosia
,massa-d-albe,,laterza,tito,davoli,casaluce,corniglio,pontebba,fondi,riomaggiore,binasco,montefiore-dell-aso,,campiglione-fenile,luogo-santo,chiaramonte-gulfi,monguelfo,forte-dei-marmi,,casaleone
,miglianico,,latiano,tolve,decollatura,casal-velino,correggio,porcia,fontana-liri,riva-ligure,bisuschio,montefortino,,canale,luras,chiusa-sclafani,montagna,fosdinovo,,casale-sul-sile
,montazzoli,,lecce,tramutola,delianuova,casamarciano,cortemaggiore,pordenone,fonte-nuova,ronco-scrivia,bodio-lomnago,montegiorgio,,candelo,macomer,cianciana,mori,fucecchio,,casalserugo
,montebello-di-bertona,,leporano,trecchina,diamante,casamicciola-terme,cotignola,porpetto,fontechiari,rossiglione,boffalora-sopra-ticino,montegranaro,,candia-canavese,mamoiada,ciminna,moso,gaiole-in-chianti,,casier
,montefino,,lequile,tricarico,dinami,casandrino,crespellano,povoletto,forano,san-biagio-della-cima,bolgare,monte-grimano-terme,,candiolo,mandas,cinisi,nago,gallicano,,cassola
,monteodorisio,,lesina,tursi,drapia,casapesenna,crevalcore,pozzuolo-del-friuli,formello,san-colombano-certenoli,bollate,montelabbate,,canelli,maracalagonis,collesano,nalles,gambassi,,castagnaro
,montereale,,leverano,vaglio-di-basilicata,fabrizia,casapulla,dovadola,pradamano,formia,san-lorenzo-al-mare,boltiere,montelupone,,cannero-riviera,marrubiu,comiso,naturno,gavorrano,,castegnero
,montesilvano,,lizzanello,valsinni,fagnano-castello,casavatore,dozza,prata-di-pordenone,frascati,san-remo,bonate-di-sopra,montemaggiore-al-metauro,,cantalupa,masainas,contessa-entellina,nave-san-rocco,greve,,castelbaldo
,montorio-al-vomano,,lizzano,venosa,falconara-albanese,caselle-in-pittari,fabbrico,prato-carnico,frosinone,santa-margherita-ligure,bonate-sotto,montemarciano,,capriata-d-orba,masullas,corleone,nogaredo,grosseto,,castelcucco
,morino,,locorotondo,vietri-di-potenza,falerna,caserta,faenza,prato-di-resia,fumone,sant-olcese,borgarello,monte-porzio,,caprie,meana-sardo,custonaci,nomi,guardistallo,,castel-d-azzano
,morro-d-oro,,lucera,viggianello,feroleto-antico,casola-di-napoli,fanano,pravisdomini,gaeta,santo-stefano-al-mare,borghetto-lodigiano,monteprandone,,caraglio,milis,delia,nova-levante,impruneta,,castelfranco-veneto
,mosciano-sant-angelo,,maglie,viggiano,feroleto-della-chiesa,casoria,farini-d-olmo,precenicco,gallese,santo-stefano-d-aveto,borgoforte,monterado,,caramagna-piemonte,mogoro,enna,nova-ponente-deutschnofen,incisa-in-valdarno,,castelgomberto
,moscufo,,manduria,,figline-vegliaturo,castel-baronia,felino,premariacco,gallicano-nel-lazio,santo-stefano-di-magra,borgo-san-giacomo,monte-roberto,,caravino,monastir,erice,ora,isola-del-giglio,,castelguglielmo
,mozzagrogna,,manfredonia,,filadelfia,castel-campagnano,ferrara,pulfero,gallinaro,sarzana,borgo-san-giovanni,monterubbiano,,carde,monserrato,falcone,ortisei,laiatico,,castello-di-godego
,nereto,,margherita-di-savoia,,filandari,castelcivita,ferriere,ragogna,gavignano,sassello,borgosatollo,monte-san-giusto,,caresana,monti,favara,parcines,lamporecchio,,castello-lavazzo
,nocciano,,martano,,filogaso,castel-di-sasso,fidenza,reana-del-rojale,genazzano,sasso-di-bordighera,bormio,monte-san-pietrangeli,,carignano,mores,favignana,peio,larciano,,castelmassa
,notaresco,,martignano,,firmo,castelfranci,finale-emilia,remanzacco,genzano-di-roma,savignone,bornasco,monte-san-vito,,carmagnola,muravera,ferla,perca,lari,,castelnovo-bariano
,ocre,,martina-franca,,fiumara,castelfranco-in-miscano,fiorano-modenese,resia,gerano,savona,borno,monte-urano,,carpignano-sesia,musei,ficarazzi,pergine-valsugana,lastra-a-signa,,castelnuovo-del-garda
,orsogna,,maruggio,,fiumefreddo-bruzio,castellabate,fiorenzuola-d-arda,rive-d-arcano,giuliano-di-roma,serra-ricco,bosisio-parini,montottone,,carru,narbolia,ficarra,pieve-di-bono,laterina,,cavaion-veronese
,ortona,,massafra,,francavilla-angitola,castellammare-di-stabia,fiumalbo,rivignano,gradoli,sesta-godano,bottanuco,morro-d-alba,,casalborgone,narcao,fiumedinisi,pinzolo,licciana-nardi,,cavallino
,ortucchio,,matino,,francavilla-marittima,castello-del-matese,fontanelice,romans-d-isonzo,graffignano,sestri-levante,botticino-sera,morrovalle,,casal-cermelli,norbello,fiumefreddo-di-sicilia,pomarolo,livorno,,cavarzere
,ovindoli,,mattinata,,francica,castello-di-cisterna,fontanellato,ronchi-dei-legionari,greccio,sori,bovegno,numana,,casale-corte-cerro,nughedu-di-san-nicolo,floridia,postal,londa,,cavaso-del-tomba
,pacentro,,melendugno,,frascineto,castel-morrone,fontevivo,ronchis,grottaferrata,spotorno,bovezzo,offagna,,casale-monferrato,nule,fondachelli-fantina,pozza,lorenzana,,cazzano-di-tramigna
,paglieta,,melissano,,fuscaldo,castelnuovo-cilento,forli,rosa,grotte-di-castro,stella,bovisio-masciago,offida,,casalgrasso,nulvi,francavilla-di-sicilia,prato-allo-stelvio,loro-ciuffenna,,ceggia
,palena,,melpignano,,galatro,castelpagano,forlimpopoli,roveredo-in-piano,guarcino,taggia,bozzolo,orciano-di-pesaro,,casalino,nuoro,francofonte,predazzo,lucca,,cencenighe
,palmoli,,mesagne,,gasperina,castelpoto,formigine,ruda,guidonia,toirano,brebbia,osimo,,cascinette,nurachi,furci-siculo,racines,lucignano,,ceneselli
,palombaro,,miggiano,,gerace,castel-san-giorgio,formignana,sacile,guidonia-montecelio,torriglia,bregnano,ostra,,caselette,nuragus,furnari,racines-ratschings,magliano-in-toscana,,cerea
,penna-sant-andrea,,minervino-di-lecce,,giffone,castel-san-lorenzo,fornovo-di-taro,sagrado,ischia-di-castro,tovo-san-giacomo,brembate,ostra-vetere,,caselle-torinese,nurallao,gaggi,raossi,manciano,,ceregnano
,penne,,minervino-murge,,gimigliano,castelvenere,frassinoro,san-canzian-d-lsonzo,isola-del-liri,uscio,brembate-di-sopra,pedaso,,cassano-spinola,nuraminis,gagliano-castelferrato,rasun-anterselva,marciana,,cerro-veronese
,perano,,modugno,,gioia-tauro,castelvetere-in-val-fortore,fusignano,san-daniele-del-friuli,itri,vado-ligure,brembilla,penna-san-giovanni,,cassine,nurri,galati-mamertino,renon-ritten,marciana-marina,,cervarese-santa-croce
,pescara,,mola-di-bari,,gioiosa-ionica,castelvetere-sul-calore,gaggio-montano,san-dorligo-della-valle,labico,vallebona,brembio,pergola,,castagneto-po,nuxis,gangi,revo,marciano,,cesiomaggiore
,pescasseroli,,molfetta,,girifalco,castel-volturno,gaibanella,san-giorgio-della-richinvelda,ladispoli,vallecrosia,brenna,pesaro,,castagnito,olbia,gela,ried,marina-di-carrara,,cessalto
,pescina,,monopoli,,gizzeria,castiglione-dei-genovesi,galeata,san-giorgio-di-nogaro,lanuvio,varazze,breno,petriano,,castagnole-lanze,oliena,geraci-siculo,rifiano,marliana,,chiampo
,pescocostanzo,,monteiasi,,grimaldi,cautano,galliera,san-giovanni-al-natisone,lariano,varese-ligure,brenta,petriolo,,castagnole-monferrato,ollastra,giardinello,rio-di-pusteria,marradi,,chiarano
,pettorano-sul-gizio,,monteleone-di-puglia,,grisolia,cava-de-tirreni,gambettola,san-leonardo,latera,ventimiglia,brescia,petritoli,,castagnole-piemonte,ollolai,giardini-naxos,riva-del-garda,massa,,chies-d-alpago
,pianella,,montemesola,,grotteria,celle-di-bulgheria,gattatico,san-lorenzo-isontino,latina,vernazza,bressana-bottarone,piandimeleto,,castell-alfero,olmedo,giarratana,rodengo,massa-e-cozzile,,chioggia
,picciano,,monteparano,,guardavalle,cellole,gatteo,san-martino-al-tagliamento,lavinio,vezzano-ligure,bresso,pieve-torina,,castellamonte,olzai,giarre,rodengo-rodeneck,massa-marittima,,chiuppano
,pineto,,monteroni-di-lecce,,guardia-piemontese-terme,centola,gazzola,san-pier-d-isonzo,lenola,villanova-d-albenga,brignano-gera-d-adda,pinocchio-di-ancona,,castellazzo-bormida,orani,gibellina,romeno,massarosa,,cimadolmo
,pizzoferrato,,montesano-salentino,,guarno,ceppaloni,gemmano,san-pietro-al-natisone,leonessa,zoagli,briosco,piobbico,,castelletto-d-orba,orgosolo,gioiosa-marea,roncegno,minucciano,,cima-sappada
,pizzoli,,monte-sant-angelo,,isca-sullo-ionio,ceraso,goro,san-quirino,lido-di-roma,,brivio,pioraco,,castelletto-monferrato,oristano,giuliana,roncone,molazzana,,cinto-caomaggiore
,poggio-picenze,,morciano-di-leuca,,isola-capo-rizzuto,cercola,gossolengo,santa-maria-la-longa,maenza,,broni,pollenza,,castelletto-sopra-ticino,orosei,godrano,ronzo-chienis,monsummano,,cinto-euganeo
,pollutri,,mottola,,jonadi,cerreto-sannita,gragnano-trebbiense,san-vito-al-tagliamento,magliano-romano,,brugherio,polverigi,,castelletto-stura,orotelli,grammichele,rovere-della-luna,montaione,,cismon-del-grappa
,popoli,,muro-leccese,,joppolo,cervinara,granaglione,san-vito-al-torre,magliano-sabina,,brunate,ponzano-di-fermo,,castello-di-annone,orroli,graniti,rovereto,montalcino,,cison-di-valmarino
,pratola-peligna,,nardo,,lago,cervino,granarolo-del-l-emilia,san-vito-di-fagagna,manziana,,brusaporto,porto-recanati,,castelnuovo-don-bosco,ortacesus,gratteri,salorno,montale,,cittadella
,pretoro,,neviano,,laino-borgo,cesa,grizzana,savogna-d-isonzo,marcellina,,buccinasco,porto-san-giorgio,,castelnuovo-scrivia,ortueri,gravina-di-catania,san-candido,monte-argentario,,codevigo
,prezza,,noci,,lamezia-terme,cesinali,gropparello,sedegliano,marino,,buglio-in-monte,porto-sant-elpidio,,castiglione-torinese,orune,grotte,san-genesio-atesino,montecarlo,,codogne
,raiano,,nociglia,,lattarico,cetara,gualtieri,sequals,marta,,buguggiate,potenza-picena,,cavaglia,oschiri,gualtieri-sicamino,san-giacomo-val-di-vizze,montecatini,,cogollo-del-cengio
,rapino,,noicattaro,,laureana-di-borrello,chiusano-di-san-domenico,guastalla,sesto-al-reghena,mazzano-romano,,bulciago,rapagnano,,cavaglio-d-agogna,osilo,ioppolo-giancaxio,san-leonardo-in-passiria,montecatini-terme,,colle-umberto
,ripa-teatina,,novoli,,limbadi,cicciano,guiglia,sgonico,mentana,,bulgarograsso,recanati,,cavagnolo,ossi,isnello,san-lorenzo-di-sebato,montelupo-fiorentino,,cologna-veneta
,rocca-di-mezzo,,ordona,,locri,cicerale,imola,socchieve,minturno,,burago-di-molgora,ripatransone,,cavallermaggiore,ottana,isola-delle-femmine,san-lorenzo-in-banale,montemurlo,,colognola-ai-colli
,roccamontepiano,,oria,,longobardi,cimitile,iolanda-di-savoia,spilimbergo,montalto-di-castro,,buscate,ripe,,cavallirio,ovodda,ispica,san-martino,montepulciano,,cona
,roccamorice,,orsara-di-puglia,,longobucco,circello,lagosanto,staranzano,monte-compatri,,busnago,roccafluvione,,cavour,ozieri,itala,san-martino-in-badia,monterchi,,concamarise
,roccaraso,,orta-nova,,lungro,colle-sannita,lama-mocogno,sutrio,monte-flavio,,bussero,rosora,,centallo,pabillonis,lampedusa,san-michele-all-adige,monteriggioni,,conco
,rocca-san-giovanni,,ortelle,,luzzi,colliano,langhirano,talmassons,monte-porzio-catone,,busto-arsizio,saltara,,cerano,padru,lascari,san-pancrazio-d-ultimo,monteroni-d-arbia,,concordia-sagittaria
,roccascalegna,,ostuni,,magisano,comiziano,lesignano-de--bagni,tarcento,monte-romano,,busto-garolfo,san-benedetto-del-tronto,,cercenasco,palau,lentini,santa-cristina,monterotondo,,conegliano
,roccaspinalveti,,otranto,,maida,conca-della-campania,ligonchio,tarvisio,monte-san-biagio,,cabiate,san-costanzo,,ceres,palmas-arborea,leonforte,santa-valpurga,monte-san-savino,,conselve
,rosciano,,palagianello,,maiera,contrada,lizzano-in-belvedere,tavagnacco,monte-san-giovanni-campano,,cadegliano-viconago,san-ginesio,,ceresole-alba,pattada,lercara-friddi,sardagna,montescudaio,,corbola
,roseto-degli-abruzzi,,palagiano,,maierato,contursi,loiano,teor,montefiascone,,cadorago,san-giorgio-di-pesaro,,cerrina-monferrato,paulilatino,letoianni,sarentino,montespertoli,,cordignano
,san-benedetto-de-marsi,,palmariggi,,malvito,conza-della-campania,longiano,terzo-d-aquileia,montelanico,,cadrezzate,san-lorenzo-in-campo,,cerrione,perdasdefogu,librizzi,scena,montevarchi,,cornedo-vicentino
,san-buono,,palo-del-colle,,mammola,corbara,lugagnano-val-d-arda,tolmezzo,monteleone-sabino,,cagno,san-marcello,,cervasca,perdaxius,licata,sciaves,monticiano,,cornuda
,san-demetrio-ne-vestini,,parabita,,mandatoriccio,crispano,lugo,torreano,montelibretti,,caino,san-severino-marche,,cervere,perfugas,licodia-eubea,scurelle,montieri,,correzzola
,san-giovanni-teatino,,patu,,mangone,curti,luzzara,torviscosa,monterosi,,cairate,santa-maria-nuova,,ceva,pimentel,limina,segonzano,montignoso,,cortina-d-ampezzo
,san-salvo,,peschici,,marano-marchesato,cusano-mutri,malalbergo,trasaghis,monterotondo,,calcinate,sant-angelo-in-lizzola,,cherasco,ploaghe,linguaglossa,selva,montopoli-in-val-d-arno,,costabissara
,santa-maria-imbaro,,pietra-montecorvino,,marano-principato,domicella,maranello,travesio,montopoli-in-sabina,,calcinato,sant-angelo-in-pontano,,chianocco,porto-cervo,lipari,selva-dei-molini,mulazzo,,costa-di-rovigo
,sant-egidio-alla-vibrata,,poggiardo,,marcellinara,dragoni,marano-sul-panaro,treppo-grande,montorio-romano,,calcio,sant-angelo-in-vado,,chiaverano,portoscuso,longi,senales-schnals,murlo,,costermano
,sante-marie,,poggio-imperiale,,marina-di-gioiosa-ionica,dugenta,marzabotto,tricesimo,moricone,,calco,santa-vittoria-in-matenano,,chieri,porto-torres,lucca-sicula,sesto,orbetello,,creazzo
,sant-eusanio-del-sangro,,poggiorsini,,maropati,durazzano,masi-torello,trieste,morlupo,,calolziocorte,sant-elpidio-a-mare,,chiomonte,posada,maletto,silandro,palaia,,crespadoro
,sant-omero,,polignano-a-mare,,martirano,eboli,massa-fiscaglia,trivignano-udinese,morolo,,calusco-d-adda,sant-ippolito,,chiusa-di-pesio,pozzomaggiore,maniace,siror,palazzuolo-sul-senio,,crespano-del-grappa
,san-valentino-in-abruzzo-citeriore,,porto-cesareo,,martirano-lombardo,ercolano,massa-lombarda,turriaco,nazzano,,calvagese-della-riviera,sarnano,,chiusa-di-san-michele,pula,marianopoli,sluderno,peccioli,,crespino
,san-vincenzo-nuovo,,presicce,,marzi,faicchio,medesano,udine,nemi,,calvenzano,sassocorvaro,,chivasso,quartucciu,marina-di-ragusa,spiazzo,pelago,,crocetta-del-montello
,san-vito-chietino,,pulsano,,melicucca,falciano-del-massico,medicina,vaiont,nepi,,calvisano,sasso-feltrio,,cigliano,quartu-sant-elena,marineo,spormaggiore,pergine-valdarno,,curtarolo
,scafa,,putignano,,melicucco,felitto,medolla,valvasone,nerola,,cambiago,sassoferrato,,cirie,riola-sardo,marsala,stelvio,pescaglia,,dolce
,scanno,,racale,,melissa,fisciano,meldola,varmo,nettuno,,camparada,senigallia,,cisterna-d-asti,sadali,mascali,stenico,pescia,,dolo
,scerni,,rignano-garganico,,melito-di-porto-salvo,flumeri,mercato-saraceno,venzone,norma,,campione-d-italia,serra-de-conti,,coassolo-torinese,samassi,mascalucia,storo,piancastagnaio,,domegge-di-cadore
,schiavi-di-abruzzo,,roccaforzata,,mendicino,foglianise,mesola,villa-santina,olevano-romano,,candia-lomellina,serra-san-quirico,,coazze,samatzai,mazara-del-vallo,strigno,pian-di-sco,,due-carrare
,scoppito,,rocchetta-sant-antonio,,mesoraca,foiano-di-val-fortore,mezzani,villa-vicentina,onano,,canegrate,serra-sant-abbondio,,cocconato,samugheo,mazzarino,tassullo,piazza-al-serchio,,dueville
,scurcola-marsicana,,rodi-garganico,,mileto,fontanarosa,migliarino,villesse,oriolo-romano,,canneto-sull-oglio,serravalle-di-chienti,,coggiola,san-basilio,mazzarra-sant-andrea,telve,pienza,,enego
,silvi-paese,,roseto-valfortore,,molochio,forchia,migliaro,vivaro,orte,,canonica-d-adda,serrungarina,,collegno,san-franciscu-d-aglientu,mazzarrone,tenno,pietrasanta,,eraclea
,spoltore,,ruffano,,monasterace,forino,minerbio,zoppola,palestrina,,canova,servigliano,,condove,san-gavino-monreale,melilli,terento,pieve-a-nievole,,erbe
,sulmona,,rutigliano,,mongrassano,forio,mirabello,,paliano,,cantello,sirolo,,conzano,san-giovanni-suergiu,menfi,terlago,pieve-fosciana,,este
,tagliacozzo,,ruvo-di-puglia,,montalto-uffugo,formicola,mirandola,,palombara-sabina,,cantu,spinetoli,,corio,sanluri,meri,terlano,pieve-santo-stefano,,fara-vicentino
,teramo,,salice-salentino,,montauro,fragneto-l-abate,misano-adriatico,,pastena,,canzo,staffolo,,corneliano-d-alba,san-nicolo-d-arcidano,messina,termeno,piombino,,farra-d-alpago
,tocco-da-casauria,,salve,,montebello-ionico,fragneto-monforte,modena,,patrica,,capergnanica-di-sotto,tavullia,,cortemilia,san-sperate,mezzojuso,tesero,pisa,,farra-di-soligo
,tollo,,sammichele-di-bari,,montegiordano,francolise,modigliana,,pescorocchiano,,capiago-intimiano,tolentino,,cossano-belbo,santadi,milazzo,tesimo,pistoia,,feltre
,torano-nuovo,,sanarica,,montepaone,frasso-telesino,molinella,,pescosolido,,capo-di-ponte,torre-san-patrizio,,cossato,santa-giusta,milena,tione-di-trento,piteglio,,ficarolo
,torino-di-sangro,,san-cassiano,,monterosso,frattamaggiore,monchio-delle-corti,,petrella-salto,,caponago,treia,,costigliole-d-asti,santa-maria,militello-in-val-di-catania,tirolo-tirol,pitigliano,,fiesso-d-artico
,tornareccio,,san-cesario-di-lecce,,morano-calabro,frattaminore,mondaino,,piansano,,capralba,urbania,,costigliole-saluzzo,sant-andrea-frius,militello-rosmatino,ton,podenzana,,fiesso-umbertiano
,tornimparte,,san-donaci,,mormanno,frigento,monghidoro,,picinisco,,capriano-del-colle,urbino,,crescentino,sant-anna-arresi,milo,tonadico,poggibonsi,,follina
,torrebruna,,san-donato-di-lecce,,mottafollone,frignano,monte-colombo,,pico,,capriate-san-gervasio,urbisaglia,,cressa,sant-antioco,mineo,trambileno,poggio-a-caiano,,fontanelle
,torre-de-passeri,,san-ferdinando-di-puglia,,motta-san-giovanni,futani,monte-san-pietro,,piedimonte-san-germano,,caprino-bergamasco,venarotta,,crevacuore,sant-antonio,mirabella-imbaccari,transacqua,pomarance,,fontaniva
,torrevecchia-teatina,,san-giorgio-ionico,,nardodipace,galluccio,montecchio-emilia,,piglio,,capriolo,visso,,crevoladossola,santa-teresa-gallura,mirto,trento,ponsacco,,fonte
,torricella-peligna,,san-giovanni-rotondo,,nicastro,gesualdo,montechiarugolo,,pignataro-interamna,,carate-brianza,,,crodo,san-teodoro-d-ovidde,misilmeri,tuenno,pontassieve,,fonzaso
,torricella-sicura,,san-marco-in-lamis,,nicotera,giffoni-sei-casali,montefiore-conca,,pofi,,caravaggio,,,cumiana,santu-lussurgiu,misterbianco,ultimo-ulten,ponte-buggianese,,forno-di-zoldo
,tortoreto,,san-marco-la-catola,,nocera-terinese,giffoni-valle-piana,montefiorino,,poggio-bustone,,caravate,,,cuneo,san-vero-milis,mistretta,valdaora-di-sotto,pontedera,,fossalta-di-piave
,tossicia,,san-marzano-di-san-giuseppe,,oppido-mamertina,gioi,monterenzio,,poggio-catino,,carbonate,,,cuorgne,san-vito,modica,val-di-vizze,pontremoli,,fossalta-di-portogruaro
,trasacco,,san-michele-salentino,,oriolo,gioia-sannitica,montescudo,,poggio-mirteto,,cardano-al-campo,,,cureggio,sardara,monforte-san-giorgio,vallarsa,poppi,,fosso
,treglio,,sannicandro-di-bari,,orsomarso,giugliano-in-campania,montese,,poggio-moiano,,carimate,,,demonte,sarroch,monreale,valle-aurina-ahrntal,porcari,,frassinelle-polesine
,vacri,,sannicandro-garganico,,palermiti,giungano,monteveglio,,poggio-nativo,,carlazzo,,,desana,sarule,montagnareale,valle-di-casies-gsies,porto-azzurro,,fratta-polesine
,valle-castellana,,sannicola,,palizzi,gragnano,montiano,,poli,,carnago,,,diano-d-alba,sassari,montalbano-di-elicona,vandoies-di-sotto,portoferraio,,fregona
,vasto,,san-pancrazio-salentino,,pallagorio,grazzanise,monticelli-d-ongina,,pomezia,,carnate,,,divignano,scano-montiferro,montallegro,vandoies-vintl,prato,,fumane
,villalfonsina,,san-paolo-di-civitate,,palmi,gricignano-d-aversa,monzuno,,pontecorvo,,carobbio-degli-angeli,,,dogliani,sedilo,montedoro,varna,pratovecchio,,gaiarine
,villamagna,,san-pietro-in-lama,,paludi,grottaminarda,morciano-di-romagna,,pontinia,,caronno-pertusella,,,domodossola,sedini,montelepre,vattaro,quarrata,,gaiba
,villa-santa-maria,,san-pietro-vernotico,,paola,grottolella,mordano,,ponza,,caronno-varesino,,,dormelletto,segariu,montemaggiore-belsito,velturno,radda-in-chianti,,galliera-veneta
,villavallelonga,,san-severo,,papasidero,grumo-nevano,morfasso,,ponzano-romano,,carpenedolo,,,dronero,selargius,monterosso-almo,vermiglio,radicofani,,gallio
,vittorito,,santa-cesarea-terme,,parenti,guardia-lombardi,neviano-degli-arduini,,posta,,carpiano,,,druento,selegas,montevago,vezzano,rapolano-terme,,galzignano
,,,sant-agata-di-puglia,,parghelia,guardia-sanframondi,nibbiano,,priverno,,carugate,,,envie,seneghe,motta-sant-anastasia,vigo-di-fassa,reggello,,gambellara
,,,santeramo-in-colle,,paterno-calabro,ischia,noceto,,prossedi,,carugo,,,fara-novarese,sennori,mussomeli,vigo-lomaso,rignano-sull-arno,,garda
,,,san-vito-dei-normanni,,pedace,ischia-porto,nonantola,,riano,,carvico,,,farigliano,senorbi,naro,vigolo-vattaro,rio-marina,,gavello
,,,sava,,pentone,ispani,novafeltria,,rieti,,casalbuttano,,,favria,serdiana,naso,villabassa,riparbella,,gazzo
,,,scorrano,,petilia-policastro,lacco-ameno,novellara,,rignano-flaminio,,casale-cremasco-vidolasco,,,feletto,serramanna,nicolosi,villa-lagarina,roccalbegna,,gazzo-veronese
,,,secli,,petrizzi,lacedonia,novi-di-modena,,ripi,,casale-litta,,,felizzano,serrenti,nicosia,villandro-villanders,roccastrada,,giavera-del-montello
,,,serracapriola,,petrona,lapio,ostellato,,rivodutri,,casaletto-lodigiano,,,ferrere,sestu,niscemi,vipiteno,rosignano-marittimo,,godega-di-sant-urbano
,,,sogliano-cavour,,piane-crati,laureana-cilento,ozzano-dell-emilia,,rocca-d-arce,,casalmaggiore,,,fiano,settimo-san-pietro,nissoria,volano,rufina,,gorgo-al-monticano
,,,soleto,,pianopoli,laurino,palagano,,rocca-di-papa,,casalmaiocco,,,foglizzo,seui,nizza-di-sicilia,zambana,sambuca-pistoiese,,grancona
,,,specchia,,pietrafitta,lauro,palanzano,,rocca-massima,,casalmorano,,,fontaneto-d-agogna,seulo,noto,ziano-di-fiemme,san-casciano-dei-bagni,,grantorto
,,,spinazzola,,pietrapaola,laviano,parma,,rocca-priora,,casalmoro,,,fontanetto-da-po,silanus,novara-di-sicilia,,san-casciano-in-val-di-pesa,,granze
,,,spongano,,pizzo,lettere,pavullo-nel-frignano,,rocca-santo-stefano,,casaloldo,,,forno-canavese,siligo,oliveri,,san-gimignano,,grezzana
,,,squinzano,,pizzoni,liberi,pellegrino-parmense,,roccagorga,,casalpusterlengo,,,fossano,siliqua,pace-del-mela,,san-giovanni-valdarno,,grisignano-di-zocco
,,,statte,,placanica,limatola,pennabilli,,roccasecca,,casatenovo,,,frabosa-sottana,silius,paceco,,san-giuliano-terme,,gruaro
,,,sternatia,,platania,lioni,piacenza,,roccasecca-dei-volsci,,casazza,,,frassineto-po,simaxis,pachino,,san-godenzo,,grumolo-delle-abbadesse
,,,stornara,,plati,liveri,pianello-val-tidone,,roma,,casciago,,,front,sindia,pagliara,,san-marcello-pistoiese,,guarda-veneta
,,,stornarella,,polia,luogosano,pianoro,,ronciglione,,casei-gerola,,,frossasco,siniscola,palagonia,,san-miniato,,illasi
,,,supersano,,polistena,lusciano,pieve-di-cento,,roviano,,caselle-landi,,,frugarolo,sinnai,palazzo-adriano,,san-piero-a-sieve,,isola-della-scala
,,,surano,,portigliola,lustra,pievepelago,,sabaudia,,caselle-lurani,,,fubine,siurgus-donigala,palazzolo-acreide,,san-quirico-d-orcia,,isola-rizza
,,,surbo,,praia-a-mare,macerata-campania,podenzano,,sacrofano,,casirate-d-adda,,,gabiano,solarussa,palermo,,san-romano-in-garfagnana,,isola-vicentina
,,,taranto,,reggio-di-calabria,maddaloni,poggio-berni,,san-cesareo,,casirile,,,gaglianico,soleminis,palma-di-montechiaro,,sansepolcro,,istrana
,,,taurisano,,rende,maiori,poggio-renatico,,san-donato-val-di-comino,,caslino-d-erba,,,galliate,sorgono,pantelleria,,santa-croce-sull-arno,,jesolo
,,,taviano,,riace,manocalzati,polesine-parmense,,san-felice-circeo,,casnate-con-bernate,,,garessio,sorso,partanna,,santa-fiora,,lamon
,,,terlizzi,,ricadi,marano-di-napoli,polinago,,san-giorgio-a-liri,,casnigo,,,gargallo,stintino,partinico,,santa-luce,,lavagno
,,,tiggiano,,rizziconi,marcianise,ponte-dell-olio,,san-giovanni-incarico,,casorate-primo,,,gassino-torinese,suelli,paterno,,santa-maria-a-monte,,la-valle
,,,torchiarolo,,roccabernarda,mariglianella,pontenure,,san-gregorio-da-sassola,,casorate-sempione,,,gattico,suni,patti,,san-vincenzo,,lazise
,,,toritto,,rocca-di-neto,marigliano,porretta-terme,,san-lorenzo-nuovo,,casorezzo,,,gattinara,talana,pedara,,sarteano,,legnago
,,,torre-maggiore,,rocca-imperiale,marzano,portomaggiore,,san-polo-dei-cavalieri,,caspoggio,,,gavi,telti,petralia-soprana,,scandicci,,legnaro
,,,torre-santa-susanna,,roccella-ionica,marzano-di-nola,poviglio,,san-vito-romano,,cassago-brianza,,,genola,tempio-pausania,petralia-sottana,,scansano,,lendinara
,,,torricella,,roggiano-gravina,massa-di-somma,predappio,,san-vittore-del-lazio,,cassano-d-adda,,,germagnano,terralba,petrosino,,scarlino,,lentiai
,,,trani,,roghudi,massalubrense,predappio-alta,,santa-marinella,,cassano-magnago,,,ghemme,tertenia,pettineo,,scarperia,,limana
,,,trepuzzi,,rogliano,melito-di-napoli,prignano-sulla-secchia,,sant-andrea-del-garigliano,,cassina-de-pecchi,,,ghiffa,teulada,piana-degli-albanesi,,semproniano,,limena
,,,tricase,,rombiolo,melito-irpino,quattro-castella,,sant-angelo-romano,,cassina-rizzardi,,,giaveno,thiesi,piazza-armerina,,seravezza,,livinallongo-del-col-di-lana
,,,triggiano,,rosarno,melizzano,ramiseto,,sant-apollinare,,cassinetta-di-lugagnano,,,givoletto,tissi,piedimonte-etneo,,serravalle-pistoiese,,longare
,,,trinitapoli,,rose,mercato-san-severino,ravarino,,sant-elia-fiumerapido,,cassolnovo,,,govone,tonara,pietraperzia,,sestino,,longarone
,,,troia,,roseto-capo-spulico,mercogliano,ravenna,,santi-cosma-e-damiano,,castano-primo,,,gozzano,torpe,piraino,,sesto-fiorentino,,lonigo
,,,tuglie,,rossano,meta,reggio-nell-emilia,,santo-padre,,casteggio,,,graglia,torralba,poggioreale,,siena,,loreggia
,,,turi,,rota-greca,mignano-monte-lungo,reggiolo,,sant-oreste,,castegnato,,,granozzo-con-monticello,tortoli,polizzi-generosa,,signa,,loreo
,,,ugento,,rovito,minori,riccione-marina,,scandriglia,,castelbelforte,,,gravellona-toce,tratalias,pollina,,sinalunga,,loria
,,,uggiano-la-chiesa,,san-basile,mirabella-eclano,rimini,,segni,,castelcovati,,,grignasco,tresnuraghea,porto-empedocle,,sorano,,lozzo-atestino
,,,valenzano,,san-benedetto-ullano,moiano,rio-saliceto,,sermoneta,,castel-d-ario,,,grinzane-cavour,triei,portopalo,,sovicille,,lozzo-cadore
,,,veglie,,san-calogero,moio-della-civitella,riolo-terme,,serrone,,castel-goffredo,,,grugliasco,trinita-d-agultu,pozzallo,,stazzema,,lugo-di-vicenza
,,,vernole,,san-costantino-calabro,molinara,rivergaro,,sezze,,castellanza,,,guarene,tuili,priolo-gargallo,,stia,,lusia
,,,vico-del-gargano,,san-demetrio-corone,mondragone,ro,,sgurgola,,castelleone,,,incisa-scapaccino,tula,prizzi,,subbiano,,lusiana
,,,vieste,,san-donato-di-ninea,montano-antilia,rocca-san-casciano,,sonnino,,castelli-calepio,,,invorio-inferiore,ulassai,racalmuto,,suvereto,,malcesine
,,,villa-castelli,,san-ferdinando,montecalvo-irpino,roccabianca,,sora,,castello,,,isola-d-asti,uras,raccuia,,talla,,malo
,,,volturino,,san-fili,montecorice,rolo,,soriano-nel-cimino,,castello-di-brianza,,,ivrea,uri,raddusa,,tavarnelle-val-di-pesa,,mansue
,,,zapponeta,,sangineto,montecorvino-pugliano,roncofreddo,,sperlonga,,castellucchio,,,la-cassa,urzulei,raffadali,,taviano,,marano-di-valpolicella
,,,zollino,,san-giorgio-albanese,montecorvino-rovella,rottofreno,,spigno-saturnia,,castel-mella,,,lagnasco,usini,ragalna,,terranuova-bracciolini,,marano-vicentino
,,,,,san-giorgio-morgeto,monte-di-procida,rubiera,,stimigliano,,castelnuovo-bocca-d-adda,,,la-loggia,ussana,ragusa,,terricciola,,marcon
,,,,,san-giovanni-in-fiore,montefalcione,russi,,strangolagalli,,castel-rozzone,,,la-morra,uta,ramacca,,tirrenia,,mareno-di-piave
,,,,,san-giovanni-samio,montefalcone-di-val-fortore,sala-baganza,,subiaco,,castelveccana,,,lanzo-torinese,valledoria,randazzo,,torrita-di-siena,,marostica
,,,,,san-gregorio-d-ippona,monteforte-irpino,sala-bolognese,,supino,,castelverde,,,lauriano,vallermosa,ravanusa,,trequanda,,martellago
,,,,,san-lorenzo,montefredane,salsomaggiore-terme,,sutri,,castenedolo,,,leini,viddalba,realmonte,,tresana,,maser
,,,,,san-lorenzo-del-vallo,montefusco,saludecio,,tarano,,castiglione-d-adda,,,lesa,villacidro,regalbuto,,uzzano,,maserada-sul-piave
,,,,,san-luca,montella,san-benedetto-val-di-sambro,,tarquinia,,castiglione-delle-stiviere,,,lessolo,villagrande-strisaili,resuttano,,vaglia,,masera-di-padova
,,,,,san-lucido,montemarano,san-cesario-sul-panaro,,terracina,,castiglione-olona,,,lessona,villamar,ribera,,vagli-di-sotto,,masi
,,,,,san-mango-d-aquino,montemiletto,san-clemente,,tivoli,,castione-andevenno,,,limone-piemonte,villamassargia,riesi,,vaiano,,mason-vicentino
,,,,,san-marco-argentano,monte-san-giacomo,san-felice-sul-panaro,,tolfa,,castione-della-presolana,,,livorno-ferraris,villanovafranca,riposto,,vecchiano,,massanzago
,,,,,san-martino-di-finita,montesano-sulla-marcellana,san-giorgio-di-piano,,torre-cajetani,,castiraga-vidardo,,,locana,villanova-monteleone,roccalumera,,vernio,,meduna-di-livenza
,,,,,san-mauro-marchesato,montesarchio,san-giorgio-piacentino,,torri-in-sabina,,casto,,,lombardore,villanova-tulo,roccamena,,viareggio,,megliadino-san-fidenzio
,,,,,san-nicola-arcella,montoro-inferiore,san-giovanni-in-marignano,,torrice,,castrezzato,,,lombriasco,villaperuccio,roccapalumba,,vicchio,,megliadino-san-vitale
,,,,,san-nicola-da-crissa,montoro-superiore,san-giovanni-in-persiceto,,torricella-in-sabina,,castronno,,,loranze,villaputzu,roccavaldina,,vicopisano,,mel
,,,,,san-nicola-dell-alto,morcone,san-lazzaro-di-savena,,trevi-nel-lazio,,cavallasca,,,lu,villasalto,rodi,,villa-basilica,,melara
,,,,,san-pietro-a-maida,morra-de-sanctis,san-leo,,trevignano-romano,,cava-manara,,,luserna-san-giovanni,villa-san-pietro,rometta,,villa-collemandina,,meolo
,,,,,san-pietro-apostolo,moschiano,san-martino-in-rio,,trivigliano,,cavaria,,,macello,villasimius,rosolini,,villafranca-in-lunigiana,,merlara
,,,,,san-pietro-di-carida,mugnano-del-cardinale,san-mauro-pascoli,,tuscania,,cavenago-d-adda,,,maggiora,villasor,salaparuta,,vinci,,mestre
,,,,,san-pietro-in-guarano,mugnano-di-napoli,san-pietro-in-casale,,valentano,,cavenago-di-brianza,,,magliano-alfieri,villaspeciosa,salemi,,volterra,,mestrino
,,,,,san-roberto,napoli,san-polo-d-enza-in-caviano,,vallecorsa,,cavernago,,,magliano-alpi,villaurbana,sambuca-di-sicilia,,zeri,,mezzane-di-sotto
,,,,,san-sostene,nocera-inferiore,san-possidonio,,vallemaio,,cavriana,,,malesco,zeddiani,san-biagio-platani,,,,miane
,,,,,san-sosti,nocera-superiore,san-prospero,,vallerano,,cazzago-san-martino,,,mango,zerfaliu,san-cataldo,,,,miane-premaor
,,,,,santa-caterina-albanese,nola,san-secondo-parmense,,vallerotonda,,cellatica,,,manta,,san-cipirello,,,,minerbe
,,,,,santa-caterina-dello-ionio,novi-velia,santa-sofia,,valmontone,,cenate-sopra,,,marano-ticino,,san-cono,,,,mira
,,,,,santa-cristina-d-aspromonte,nusco,sant-agata-bolognese,,vasanello,,cenate-sotto,,,marene,,san-filippo-della-mela,,,,mirano
,,,,,santa-domenica-talao,ogliastro-cilento,sant-agata-feltria,,veiano,,cene,,,marentino,,san-fratello,,,,mogliano-veneto
,,,,,sant-agata-di-esaro,olevano-sul-tusciano,sant-agata-sul-santerno,,velletri,,ceresara,,,margarita,,san-giovanni-gemini,,,,molvena
,,,,,santa-maria-del-cedro,oliveto-citra,sant-agostino,,veroli,,cerese,,,masera,,san-giovanni-la-punta,,,,monastier-di-treviso
,,,,,sant-andrea-apostolo-dello-ionio,omignano,sant-arcangelo-di-romagna,,vetralla,,ceriano-laghetto,,,masio,,san-giuseppe-iato,,,,monfumo
,,,,,sant-angelo,orria,sant-ilario-d-enza,,vico-nel-lazio,,cermenate,,,masserano,,san-gregorio-di-catania,,,,monselice
,,,,,santa-severina,orta-di-atella,sarmato,,vicovaro,,cernobbio,,,massino-visconti,,san-marco-d-alunzio,,,,montagnana
,,,,,santa-sofia-d-epiro,ospedaletto-d-alpinolo,sarsina,,vignanello,,cernusco-lombardone,,,mathi,,san-mauro-castelverde,,,,montebello-vicentino
,,,,,sant-eufemia-d-aspromonte,ottaviano,sasso-marconi,,villa-latina,,cernusco-sul-naviglio,,,mazze,,san-michele-di-ganzaria,,,,montebelluna
,,,,,sant-ilario-del-ionio,padula,sassuolo,,villa-san-giovanni-in-tuscia,,cerro-al-lambro,,,meina,,san-pier-niceto,,,,montecchia-di-crosara
,,,,,sant-onofrio,paduli,savignano-sul-panaro,,villa-santa-lucia,,cerro-maggiore,,,melazzo,,san-piero-patti,,,,montecchio-maggiore
,,,,,santo-stefano-di-rogliano,pagani,savignano-sul-rubicone,,villa-santo-stefano,,certosa-di-pavia,,,mercenasco,,san-pietro,,,,montecchio-precalcino
,,,,,santo-stefano-in-aspromonte,pago-del-vallo-di-lauro,savigno,,viterbo,,cervignano-d-adda,,,mergozzo,,san-pietro-clarenza,,,,monte-di-malo
,,,,,san-vincenzo-la-costa,pago-veiano,scandiano,,vitorchiano,,cesana-brianza,,,mirabello-monferrato,,san-salvatore-di-fitalia,,,,monteforte-d-alpone
,,,,,san-vito-sull-ionio,palma-campania,serramazzoni,,zagarolo,,cesano-boscone,,,molare,,san-teodoro,,,,montegalda
,,,,,saracena,palomonte,sestola,,,,cesano-maderno,,,mombaruzzo,,san-vito-lo-capo,,,,montegaldella
,,,,,satriano,pannarano,sissa,,,,cesate,,,mombello-monferrato,,santa-caterina-villarmosa,,,,montegrotto-terme
,,,,,savelli,paolisi,sogliano-al-rubicone,,,,ceto,,,mombercelli,,santa-croce-camerina,,,,monteviale
,,,,,scala-coeli,parete,solarolo,,,,chiari,,,momo,,santa-domenica-vittoria,,,,monticello-conte-otto
,,,,,scalea,pastorano,soliera,,,,chiavenna,,,monastero-di-vasco,,santa-elisabetta,,,,montorso-vicentino
,,,,,scandale,paternopoli,solignano,,,,chiesa-in-valmalenco,,,monasterolo-di-savigliano,,santa-flavia,,,,morgano
,,,,,scido,paupisi,solignano-nuovo,,,,chieve,,,moncalieri,,santa-lucia-del-mela,,,,moriago-della-battaglia
,,,,,scigliano,pellezzano,soragna,,,,chignolo-d-isola,,,moncalvo,,santa-margherita-di-belice,,,,mossano
,,,,,scilla,perdifumo,sorbolo,,,,chignolo-po,,,moncrivello,,santa-maria-di-licodia,,,,motta-di-livenza
,,,,,sellia-marina,perito,spilamberto,,,,chiuduno,,,mondovi,,santa-ninfa,,,,mozzecane
,,,,,seminara,pesco-sannita,talamello,,,,chiuro,,,monforte-d-alba,,santa-teresa-di-riva,,,,murano
,,,,,serra-pedace,petina,terenzo,,,,cilavegna,,,mongrando,,santa-venerina,,,,musile-di-piave
,,,,,serra-san-bruno,piaggine,terra-del-sole,,,,cinisello-balsamo,,,monta,,sant-agata-di-militello,,,,mussolente
,,,,,serrastretta,piana-di-monte-verna,tizzano-val-parma,,,,cirimido,,,montalto-dora,,sant-agata-li-battiati,,,,mussolino
,,,,,sersale,piano-di-sorrento,toano,,,,cisano-bergamasco,,,montanaro,,sant-alessio-siculo,,,,nanto
,,,,,settingiano,piedimonte-matese,tornolo,,,,ciserano,,,montechiaro-d-asti,,sant-alfio,,,,negrar
,,,,,siderno-marina,pietradefusi,torriana,,,,cislago,,,montecrestese,,sant-angelo-di-brolo,,,,nervesa-della-battaglia
,,,,,siderno-superiore,pietramelara,torrile,,,,cisliano,,,montegrosso-d-asti,,sant-angelo-muxaro,,,,noale
,,,,,simbario,pietrastornina,traversetolo,,,,cittiglio,,,montemagno,,santo-stefano-di-camastra,,,,nogara
,,,,,sinopoli,pietravairano,travo,,,,civate,,,monteu-roero,,santo-stefano-quisquina,,,,nogarole-rocca
,,,,,sorianello,pietrelcina,trecasali,,,,cividate-al-piano,,,monticello-d-alba,,saponara-villafranca,,,,nove
,,,,,soriano-calabro,pignataro-maggiore,tredozio,,,,cividate-camuno,,,montiglio,,savoca,,,,noventa-di-piave
,,,,,soverato-marina,pimonte,tresigallo,,,,cizzago,,,morano-sul-po,,scaletta-zanclea,,,,noventa-padovana
,,,,,soverato-superiore,pisciotta,varano-de-melegari,,,,clivio,,,moretta,,sciacca,,,,noventa-vicentina
,,,,,soveria-mannelli,poggiomarino,varsi,,,,clusone,,,morozzo,,sciara,,,,occhiobello
,,,,,soveria-simeri,polla,vergato,,,,coccaglio,,,mosso,,scicli,,,,oderzo
,,,,,spezzano-albanese,pollena-trocchia,verghereto,,,,cocquio-trevisago,,,mottalciata,,scordia,,,,oppeano
,,,,,spezzano-grande,pollica,vernasca,,,,codogno,,,murisengo,,serradifalco,,,,orgiano
,,,,,spezzano-piccolo,pomigliano-d-arco,verucchio,,,,cogliate,,,narzole,,siculiana,,,,ormelle
,,,,,spilinga,pompei,vetto,,,,colico,,,nebbiuno,,sinagra,,,,orsago
,,,,,squillace,ponte,vezzano-sul-crostolo,,,,collebeato,,,neive,,siracusa,,,,ospedaletto-euganeo
,,,,,staletti,pontecagnano,viano,,,,collio,,,netro,,solarino,,,,paderno-del-grappa
,,,,,stefanaconi,pontelandolfo,vigarano-mainarda,,,,cologne,,,nichelino,,sommatino,,,,padova
,,,,,stignano,pontelatone,vignola,,,,cologno-al-serio,,,niella-tanaro,,sortino,,,,paese
,,,,,stilo,portici,vigolzone,,,,cologno-monzese,,,nizza-monferrato,,spadafora,,,,palu
,,,,,strongoli,portico-di-caserta,villa-minozzo,,,,colturano,,,nole,,sutera,,,,papozze
,,,,,tarsia,positano,villa-verucchio,,,,colzate,,,none,,taormina,,,,pastrengo
,,,,,taurianova,postiglione,villanova-sull-arda,,,,comerio,,,novara,,terme-vigliatore,,,,pedavena
,,,,,taverna,pozzuoli,voghiera,,,,como,,,novi-ligure,,termini-imerese,,,,pederobba
,,,,,terranova-di-sibari,praiano,ziano-piacentino,,,,comun-nuovo,,,occhieppo-inferiore,,terrasini-favarotta,,,,pernumia
,,,,,terravecchia,prata-di-principato-ultra,zibello,,,,concesio,,,occhieppo-superiore,,torregrotta,,,,pescantina
,,,,,tiriolo,prata-sannita,zocca,,,,concorezzo,,,occimiano,,torrenova,,,,peschiera-del-garda
,,,,,torano-castello,pratella,zola-predosa,,,,confienza,,,oglianico,,torretta,,,,pettorazza-grimani
,,,,,torre-di-ruggiero,pratola-serra,,,,,corbetta,,,oleggio,,tortorici,,,,piacenza-d-adige
,,,,,tortora,presenzano,,,,,cormano,,,oleggio-castello,,trabia,,,,pianezze
,,,,,trebisacce,procida,,,,,cornaredo,,,omegna,,trapani,,,,pianiga
,,,,,trenta,puglianello,,,,,cornate-d-adda,,,orbassano,,trappeto,,,,piazzola-sul-brenta
,,,,,tropea,quadrelle,,,,,cornegliano-laudense,,,ormea,,trecastagni,,,,pieve-d-alpago
,,,,,vaccarizzo-albanese,qualiano,,,,,correzzana,,,ornavasso,,tremestieri-etneo,,,,pieve-di-cadore
,,,,,vallefiorita,quarto,,,,,corsico,,,orta-san-giulio,,tripi,,,,pieve-di-soligo
,,,,,varapodio,quindici,,,,,corte-franca,,,oulx,,troina,,,,pincara
,,,,,vazzano,ravello,,,,,corteno-golgi,,,ovada,,tusa,,,,piombino-dese
,,,,,verbicaro,raviscanina,,,,,cortenuova,,,oviglio,,ucria,,,,piove-di-sacco
,,,,,verzino,recale,,,,,corteolona,,,ozegna,,ustica,,,,piovene-rocchette
,,,,,vibo-valentia,reino,,,,,cosio-valtellino,,,ozzano-monferrato,,valderice,,,,poiana-maggiore
,,,,,villapiana,riardo,,,,,costa-di-mezzate,,,paesana,,valdina,,,,polesella
,,,,,villa-san-giovanni,ricigliano,,,,,costa-masnaga,,,palazzolo-vercellese,,valguarnera-caropepe,,,,polverara
,,,,,zagarise,roccabascerana,,,,,costa-volpino,,,pallanzeno,,valledolmo,,,,ponso
,,,,,zambrone,roccadaspide,,,,,covo,,,pancalieri,,vallelunga-pratameno,,,,pontecchio-polesine
,,,,,zumpano,rocca-d-evandro,,,,,credaro,,,paruzzaro,,valverde,,,,ponte-di-piave
,,,,,zungri,roccagloriosa,,,,,credera,,,pasturana,,venetico,,,,pontelongo
,,,,,,roccamonfina,,,,,crema,,,pavone-canavese,,ventimiglia-di-sicilia,,,,ponte-nell-alpi
,,,,,,roccapiemonte,,,,,cremona,,,pecetto,,viagrande,,,,ponte-san-nicolo
,,,,,,roccarainola,,,,,crespiatica,,,pecetto-di-valenza,,vicari,,,,ponzano
,,,,,,roccaromana,,,,,crone,,,pella,,villabate,,,,portogruaro
,,,,,,rofrano,,,,,cuasso-al-monte,,,perosa-argentina,,villafranca-sicula,,,,porto-tolle
,,,,,,rotondi,,,,,cucciago,,,pessione,,villafranca-tirrena,,,,porto-viro
,,,,,,ruviano,,,,,cuggiono,,,pettenasco,,villafrati,,,,possagno
,,,,,,sala-consilina,,,,,cugliate-fabiasco,,,pettinengo,,villalba,,,,pove-del-grappa
,,,,,,salento,,,,,cunardo,,,peveragno,,villarosa,,,,povegliano
,,,,,,salerno,,,,,cura-carpignano,,,pezzana,,vita,,,,povegliano-veronese
,,,,,,san-bartolomeo-in-galdo,,,,,curno,,,pianezza,,vittoria,,,,pozzoleone
,,,,,,san-cipriano-d-aversa,,,,,curtatone,,,pianfei,,vizzini,,,,pozzonovo
,,,,,,san-cipriano-picentino,,,,,cusago,,,piasco,,zafferana-etnea,,,,pramaggiore
,,,,,,san-croce-del-sannio,,,,,cusano-milanino,,,piedimulera,,,,,,preganziol
,,,,,,san-felice-a-cancello,,,,,cuveglio,,,pieve-vergonte,,,,,,pressana
,,,,,,san-gennaro-vesuviano,,,,,dairago,,,pinasca,,,,,,puos-d-alpago
,,,,,,san-giorgio-a-cremano,,,,,dalmine,,,pinerolo,,,,,,quarto-d-altino
,,,,,,san-giorgio-del-sannio,,,,,darfo,,,pino-torinese,,,,,,quero
,,,,,,san-giorgio-la-molara,,,,,daverio,,,piobesi-d-alba,,,,,,quinto-di-treviso
,,,,,,san-giovanni-a-piro,,,,,delebio,,,piobesi-torinese,,,,,,quinto-vicentino
,,,,,,san-giuseppe-vesuviano,,,,,dello,,,piossasco,,,,,,recoaro-terme
,,,,,,san-gregorio,,,,,dervio,,,piscina,,,,,,refrontolo
,,,,,,san-gregorio-magno,,,,,desenzano-del-garda,,,piverone,,,,,,resana
,,,,,,san-leucio-del-sannio,,,,,desio,,,pocapaglia,,,,,,revine-lago
,,,,,,san-lorenzello,,,,,dolzago,,,pogno,,,,,,riese
,,,,,,san-lorenzo-maggiore,,,,,dongo,,,poirino,,,,,,rivoli-veronese
,,,,,,san-mango-piemonte,,,,,dorno,,,pollone,,,,,,roana
,,,,,,san-mango-sul-calore,,,,,dosolo,,,polonghera,,,,,,rocca-pietore
,,,,,,san-marcellino,,,,,dovera,,,pomaretto,,,,,,romano-d-ezzelino
,,,,,,san-marco-dei-cavoti,,,,,dresano,,,pombia,,,,,,ronca
,,,,,,san-marco-evangelista,,,,,dubino,,,ponderano,,,,,,roncade
,,,,,,san-martino-sannita,,,,,edolo,,,pont-canavese,,,,,,ronco-all-adige
,,,,,,san-martino-valle-caudina,,,,,endine-gaiano,,,pontecurone,,,,,,rosa
,,,,,,san-marzano-sul-sarno,,,,,erba,,,pontestura,,,,,,rosolina
,,,,,,san-mauro-cilento,,,,,erbusco,,,ponzone,,,,,,rossano-veneto
,,,,,,san-michele-di-serino,,,,,esine,,,portacomaro,,,,,,roverchiara
,,,,,,san-nicola-la-strada,,,,,eupilio,,,portula,,,,,,roveredo-di-gua
,,,,,,san-nicola-manfredi,,,,,fagnano-olona,,,pozzolo-formigaro,,,,,,rovere-veronese
,,,,,,san-paolo-bel-sito,,,,,faloppio,,,pralormo,,,,,,rovigo
,,,,,,san-pietro-al-tanagro,,,,,fara-gera-d-adda,,,pralungo,,,,,,rovolon
,,,,,,san-pietro-infine,,,,,felonica,,,prarostino,,,,,,rubano
,,,,,,san-potito-sannitico,,,,,fenegro,,,prato-sesia,,,,,,saccolongo
,,,,,,san-potito-ultra,,,,,ferno,,,pray,,,,,,salara
,,,,,,san-prisco,,,,,fiesse,,,predosa,,,,,,salcedo
,,,,,,san-rufo,,,,,figino-serenza,,,premosello-chiovenda,,,,,,saletto
,,,,,,san-salvatore-telesino,,,,,filago,,,priocca,,,,,,salgareda
,,,,,,san-sebastiano-al-vesuvio,,,,,fino-mornasco,,,quaregna,,,,,,salizzole
,,,,,,san-sossio-baronia,,,,,fiorano-al-serio,,,quargnento,,,,,,salzano
,,,,,,sant-agata-de-goti,,,,,flero,,,quarona,,,,,,san-bellino
,,,,,,sant-agnello,,,,,fombio,,,quattordio,,,,,,san-biagio-di-callalta
,,,,,,santa-lucia-di-serino,,,,,fontanella,,,quincinetto,,,,,,san-bonifacio
,,,,,,santa-maria-a-vico,,,,,foresto-sparso,,,racconigi,,,,,,san-dona-di-piave
,,,,,,santa-maria-capua-vetere,,,,,fornovo-san-giovanni,,,reano,,,,,,sandrigo
,,,,,,santa-maria-la-carita,,,,,gadesco-pieve-delmona,,,refrancore,,,,,,san-fior-di-sopra
,,,,,,santa-maria-la-fossa,,,,,gaggiano,,,revello,,,,,,san-germano-dei-berici
,,,,,,santa-marina,,,,,galbiate,,,rifreddo,,,,,,san-giorgio-delle-pertiche
,,,,,,san-tammaro,,,,,gallarate,,,rivalta-bormida,,,,,,san-giorgio-in-bosco
,,,,,,sant-anastasia,,,,,gambara,,,rivalta-di-torino,,,,,,san-giovanni-ilarione
,,,,,,sant-andrea-di-conza,,,,,gambolo,,,riva-presso-chieri,,,,,,san-giovanni-lupatoto
,,,,,,sant-angelo-a-cupolo,,,,,gandino,,,rivara,,,,,,san-gregorio-nelle-alpi
,,,,,,sant-angelo-d-alife,,,,,garbagnate-milanese,,,rivarolo-canavese,,,,,,sanguinetto
,,,,,,sant-angelo-de-lombardi,,,,,garbagnate-monastero,,,rivarossa,,,,,,san-martino-buon-albergo
,,,,,,sant-antimo,,,,,gardone-riviera,,,rivoli,,,,,,san-martino-di-lupari
,,,,,,sant-antonio-abate,,,,,gardone-val-trompia,,,roasio,,,,,,san-martino-di-venezze
,,,,,,santa-paolina,,,,,gargnano,,,robassomero,,,,,,san-michele-al-tagliamento
,,,,,,sant-arpino,,,,,garlasco,,,robilante,,,,,,san-nazario
,,,,,,sant-arsenio,,,,,garlate,,,roccabruna,,,,,,san-pietro-di-cadore
,,,,,,sant-egidio-del-monte-albino,,,,,gavardo,,,rocca-canavese,,,,,,san-pietro-di-feletto
,,,,,,santo-stefano-del-sole,,,,,gavirate,,,rocca-de-baldi,,,,,,san-pietro-di-morubio
,,,,,,san-valentino-torio,,,,,gazoldo-degli-ippoliti,,,roccaforte-mondovi,,,,,,san-pietro-in-cariano
,,,,,,san-vitaliano,,,,,gazzaniga,,,rocca-grimalda,,,,,,san-pietro-in-gu
,,,,,,sanza,,,,,gazzuolo,,,roccavione,,,,,,san-pietro-viminario
,,,,,,sapri,,,,,gemonio,,,rocchetta-tanaro,,,,,,san-polo-di-piave
,,,,,,sarno,,,,,gerenzano,,,roddi,,,,,,santa-giustina
,,,,,,sassano,,,,,germignaga,,,roletto,,,,,,santa-giustina-in-colle
,,,,,,saviano,,,,,gessate,,,romagnano-sesia,,,,,,santa-lucia-di-piave
,,,,,,savignano-irpino,,,,,ghedi,,,romano-canavese,,,,,,santa-margherita-d-adige
,,,,,,scafati,,,,,ghisalba,,,romentino,,,,,,santa-maria-di-sala
,,,,,,scala,,,,,gianico,,,ronco-biellese,,,,,,sant-ambrogio-di-valpolicella
,,,,,,scampitella,,,,,gironico,,,rondissone,,,,,,sant-angelo-di-piove-di-sacco
,,,,,,scisciano,,,,,giussago,,,rosignano-monferrato,,,,,,sant-anna-d-alfaedo
,,,,,,serino,,,,,giussano,,,rosta,,,,,,sant-elena
,,,,,,serrara-fontana,,,,,godiasco,,,rovasenda,,,,,,santorso
,,,,,,serre,,,,,goito,,,rubiana,,,,,,santo-stefano-di-cadore
,,,,,,sessa-aurunca,,,,,golasecca,,,sagliano-micca,,,,,,santo-stino-di-livenza
,,,,,,sessa-cilento,,,,,gonzaga,,,salassa,,,,,,sant-urbano
,,,,,,siano,,,,,gordona,,,sale,,,,,,san-vendemiano
,,,,,,sicignano-degli-alburni,,,,,gorgonzola,,,salicetto,,,,,,san-vito-di-cadore
,,,,,,sirignano,,,,,gorlago,,,saluggia,,,,,,san-vito-di-leguzzano
,,,,,,solofra,,,,,gorla-maggiore,,,salussola,,,,,,san-zeno-di-montagna
,,,,,,solopaca,,,,,gorla-minore,,,saluzzo,,,,,,san-zenone
,,,,,,somma-vesuviana,,,,,gorle,,,samone,,,,,,saonara
,,,,,,sorrento,,,,,gornate-olona,,,sampeire,,,,,,sappada
,,,,,,sparanise,,,,,gorno,,,san-benigno-canavese,,,,,,sarcedo
,,,,,,sperone,,,,,gottolengo,,,san-bernardino-verbano,,,,,,sarego
,,,,,,stio,,,,,graffignana,,,san-carlo-canavese,,,,,,sarmede
,,,,,,striano,,,,,grandate,,,san-damiano-d-asti,,,,,,schiavon
,,,,,,sturno,,,,,grassobbio,,,sandigliano,,,,,,schio
,,,,,,succivo,,,,,gravedona,,,san-francesco-al-campo,,,,,,scorze
,,,,,,summonte,,,,,gravellona,,,sanfre,,,,,,sedico
,,,,,,taurano,,,,,grezzago,,,sanfront,,,,,,segusino
,,,,,,taurasi,,,,,gropello-cairoli,,,sangano,,,,,,selva-di-progno
,,,,,,teano,,,,,grosio,,,san-germano-chisone,,,,,,selvazzano-dentro
,,,,,,teggiano,,,,,grosotto,,,san-germano-vercellese,,,,,,seren-del-grappa
,,,,,,telese,,,,,grumello-cremonese,,,san-gillio,,,,,,sernaglia-della-battaglia
,,,,,,teora,,,,,grumello-del-monte,,,san-giorgio-canavese,,,,,,silea
,,,,,,terzigno,,,,,guanzate,,,san-giorgio-monferrato,,,,,,soave
,,,,,,teverola,,,,,guardamiglio,,,san-giusto-canavese,,,,,,solagna
,,,,,,tocco-caudio,,,,,guidizzolo,,,san-marzano-oliveto,,,,,,solesino
,,,,,,tora,,,,,gussago,,,san-maurizio-canavese,,,,,,sommacampagna
,,,,,,torchiara,,,,,gussola,,,san-maurizio-d-opaglio,,,,,,sona
,,,,,,torella-de-lombardi,,,,,idro,,,san-mauro-torinese,,,,,,sorga
,,,,,,torraca,,,,,imbersago,,,san-michele-mondovi,,,,,,sospirolo
,,,,,,torre-annunziata,,,,,induno-olona,,,san-paolo-solbrito,,,,,,sossano
,,,,,,torrecuso,,,,,introbio,,,san-pietro-mosezzo,,,,,,sovizzo
,,,,,,torre-del-greco,,,,,inverigo,,,san-pietro-val-lemina,,,,,,sovramonte
,,,,,,torre-le-nocelle,,,,,inveruno,,,san-raffaele-cimena,,,,,,spinea
,,,,,,torre-orsaia,,,,,inzago,,,san-salvatore-monferrato,,,,,,spresiano
,,,,,,tramonti,,,,,iseo,,,san-sebastiano-da-po,,,,,,stanghella
,,,,,,trecase,,,,,isorella,,,san-secondo-di-pinerolo,,,,,,stienta
,,,,,,trentinara,,,,,ispra,,,sant-albano-stura,,,,,,stra
,,,,,,trentola,,,,,izano,,,santa-maria-maggiore,,,,,,susegana
,,,,,,trevico,,,,,jerago-con-orago,,,sant-ambrogio-di-torino,,,,,,taglio
,,,,,,tufino,,,,,lacchiarella,,,sant-antonio-di-susa,,,,,,taglio-di-po
,,,,,,vairano-patenora,,,,,lainate,,,santa-vittoria-d-alba,,,,,,taibon
,,,,,,vallata,,,,,lallio,,,santena,,,,,,tambre
,,,,,,valle-agricola,,,,,lambrugo,,,santhia,,,,,,tarzo
,,,,,,valle-di-maddaloni,,,,,landriano,,,santo-stefano-belbo,,,,,,teglio-veneto
,,,,,,vallesaccarda,,,,,laveno,,,santo-stefano-roero,,,,,,teolo
,,,,,,vallo-della-lucania,,,,,laveno-mombello,,,sarezzano,,,,,,terrassa-padovana
,,,,,,valva,,,,,lazzate,,,savigliano,,,,,,terrazzo
,,,,,,venticano,,,,,lecco,,,scalenghe,,,,,,tezze-sul-brenta
,,,,,,vibonati,,,,,leffe,,,scarnafigi,,,,,,thiene
,,,,,,vico-equense,,,,,leggiuno,,,sciolze,,,,,,tombolo
,,,,,,vietri-sul-mare,,,,,legnano,,,serravalle-scrivia,,,,,,torrebelvicino
,,,,,,villa-di-briano,,,,,lenno,,,serravalle-sesia,,,,,,torre-di-mosto
,,,,,,villa-literno,,,,,leno,,,settimo-torinese,,,,,,torreglia
,,,,,,villamaina,,,,,lentate-sul-seveso,,,settimo-vittone,,,,,,torri-del-benaco
,,,,,,villanova-del-battista,,,,,lesmo,,,sezzadio,,,,,,torri-di-quartesolo
,,,,,,villaricca,,,,,levate,,,silvano-d-orba,,,,,,trebaseleghe
,,,,,,visciano,,,,,lezzeno,,,sizzano,,,,,,trecenta
,,,,,,vitulano,,,,,lierna,,,solero,,,,,,tregnago
,,,,,,vitulazio,,,,,limbiate,,,sommariva-del-bosco,,,,,,trevenzuolo
,,,,,,volla,,,,,limido-comasco,,,sommariva-perno,,,,,,trevignano
,,,,,,volturara-irpina,,,,,linarolo,,,sordevolo,,,,,,treviso
,,,,,,zungoli,,,,,lipomo,,,sparone,,,,,,tribano
,,,,,,,,,,,liscate,,,spigno-monferrato,,,,,,trichiana
,,,,,,,,,,,lissone,,,stazzano,,,,,,trissino
,,,,,,,,,,,livigno,,,strambino,,,,,,urbana
,,,,,,,,,,,livraga,,,stresa,,,,,,valdagno
,,,,,,,,,,,locate-di-triulzi,,,strevi,,,,,,valdastico
,,,,,,,,,,,locate-varesino,,,strona,,,,,,valdobbiadene
,,,,,,,,,,,lodi,,,stroppiana,,,,,,valeggio-sul-mincio
,,,,,,,,,,,lodi-vecchio,,,suno,,,,,,valle-di-cadore
,,,,,,,,,,,lodrino,,,susa,,,,,,valli-del-pasubio
,,,,,,,,,,,lograto,,,tagliolo-monferrato,,,,,,valstagna
,,,,,,,,,,,lomagna,,,tarantasca,,,,,,vazzola
,,,,,,,,,,,lomazzo,,,ticineto,,,,,,vedelago
,,,,,,,,,,,lomello,,,tigliole,,,,,,veggiano
,,,,,,,,,,,lonate-ceppino,,,tollegno,,,,,,velo-d-astico
,,,,,,,,,,,lonate-pozzolo,,,torino,,,,,,venice
,,,,,,,,,,,lonato,,,torrazza-piemonte,,,,,,verona
,,,,,,,,,,,lovere,,,torre-pellice,,,,,,veronella
,,,,,,,,,,,lucino,,,tortona,,,,,,vescovana
,,,,,,,,,,,luino,,,trana,,,,,,vestenanuova
,,,,,,,,,,,luisago,,,trecate,,,,,,vicenza
,,,,,,,,,,,lumezzane,,,trinita,,,,,,vidor
,,,,,,,,,,,lungavilla,,,trino,,,,,,vigasio
,,,,,,,,,,,lurago-d-erba,,,trivero,,,,,,vigodarzere
,,,,,,,,,,,lurago-marinone,,,trofarello,,,,,,vigo-di-cadore
,,,,,,,,,,,lurano,,,trontano,,,,,,vigonovo
,,,,,,,,,,,lurate-caccivio,,,tronzano-vercellese,,,,,,vigonza
,,,,,,,,,,,maccagno-superiore,,,vaie,,,,,,villa-bartolomea
,,,,,,,,,,,macherio,,,val-della-torre,,,,,,villa-del-conte
,,,,,,,,,,,madignano,,,valdengo,,,,,,villadose
,,,,,,,,,,,madone,,,valduggia,,,,,,villa-estense
,,,,,,,,,,,magenta,,,valenza,,,,,,villafranca-di-verona
,,,,,,,,,,,magnacavallo,,,valfenera,,,,,,villafranca-padovana
,,,,,,,,,,,magnago,,,valle-mosso,,,,,,villaga
,,,,,,,,,,,mairano,,,valle-san-nicolao,,,,,,villamarzana
,,,,,,,,,,,malegno,,,valmacca,,,,,,villanova-del-ghebbo
,,,,,,,,,,,maleo,,,valperga,,,,,,villanova-di-camposampiero
,,,,,,,,,,,malgrate,,,valstrona,,,,,,villanova-marchesana
,,,,,,,,,,,malnate,,,varallo,,,,,,villaverla
,,,,,,,,,,,malonno,,,varallo-pombia,,,,,,villorba
,,,,,,,,,,,mandello-del-lario,,,varzo,,,,,,vittorio-veneto
,,,,,,,,,,,manerba-del-garda,,,vauda-canavese,,,,,,vo
,,,,,,,,,,,manerbio,,,venaria-reale,,,,,,volpago-del-montello
,,,,,,,,,,,mantova,,,venasca,,,,,,zane
,,,,,,,,,,,mapello,,,verbania,,,,,,zenson-di-piave
,,,,,,,,,,,marcallo-con-casone,,,vercelli,,,,,,zermeghedo
,,,,,,,,,,,marcaria,,,vernante,,,,,,zero-branco
,,,,,,,,,,,marcheno,,,verolengo,,,,,,zevio
,,,,,,,,,,,marchirolo,,,verrone,,,,,,zimella
,,,,,,,,,,,marcignago,,,verrua-savoia,,,,,,zoldo-alto
,,,,,,,,,,,mariano-comense,,,veruno,,,,,,zugliano
,,,,,,,,,,,marmirolo,,,verzuolo,,,,,,
,,,,,,,,,,,marnate,,,vespolate,,,,,,
,,,,,,,,,,,marone,,,vezza-d-alba,,,,,,
,,,,,,,,,,,martinengo,,,viarigi,,,,,,
,,,,,,,,,,,masate,,,vicoforte,,,,,,
,,,,,,,,,,,maslianico,,,vigliano-biellese,,,,,,
,,,,,,,,,,,massalengo,,,vignale,,,,,,
,,,,,,,,,,,mazzano,,,vignole-borbera,,,,,,
,,,,,,,,,,,meda,,,vignolo,,,,,,
,,,,,,,,,,,mede,,,vignone,,,,,,
,,,,,,,,,,,mediglia,,,vigone,,,,,,
,,,,,,,,,,,medolago,,,viguzzolo,,,,,,
,,,,,,,,,,,medole,,,villadossola,,,,,,
,,,,,,,,,,,melegnano,,,villafalletto,,,,,,
,,,,,,,,,,,melzo,,,villafranca-d-asti,,,,,,
,,,,,,,,,,,menaggio,,,villafranca-piemonte,,,,,,
,,,,,,,,,,,merate,,,villanova-canavese,,,,,,
,,,,,,,,,,,mercallo,,,villanova-d-asti,,,,,,
,,,,,,,,,,,merone,,,villanova-mondovi,,,,,,
,,,,,,,,,,,mese,,,villanova-monferrato,,,,,,
,,,,,,,,,,,mesero,,,villarbasse,,,,,,
,,,,,,,,,,,mezzago,,,villar-dora,,,,,,
,,,,,,,,,,,milano,,,villar-focchiardo,,,,,,
,,,,,,,,,,,miradolo-terme,,,villar-pellice,,,,,,
,,,,,,,,,,,misano-di-gera-d-adda,,,villar-perosa,,,,,,
,,,,,,,,,,,misinto,,,villar-san-costanzo,,,,,,
,,,,,,,,,,,missaglia,,,villastellone,,,,,,
,,,,,,,,,,,moglia,,,villata,,,,,,
,,,,,,,,,,,molteno,,,vinovo,,,,,,
,,,,,,,,,,,moltrasio,,,virle-piemonte,,,,,,
,,,,,,,,,,,monguzzo,,,vische,,,,,,
,,,,,,,,,,,moniga,,,visone,,,,,,
,,,,,,,,,,,montagna-in-valtellina,,,viu,,,,,,
,,,,,,,,,,,montebello-della-battaglia,,,viverone,,,,,,
,,,,,,,,,,,monte-cremasco,,,vogogna,,,,,,
,,,,,,,,,,,monte-isola,,,volpedo,,,,,,
,,,,,,,,,,,montello,,,volpiano,,,,,,
,,,,,,,,,,,monte-marenzo,,,volvera,,,,,,
,,,,,,,,,,,montevecchia,,,zubiena,,,,,,
,,,,,,,,,,,monticelli-brusati,,,zumaglia,,,,,,
,,,,,,,,,,,monticello-brianza,,,,,,,,,
,,,,,,,,,,,montichiari,,,,,,,,,
,,,,,,,,,,,montirone,,,,,,,,,
,,,,,,,,,,,montodine,,,,,,,,,
,,,,,,,,,,,montorfano,,,,,,,,,
,,,,,,,,,,,montu-beccaria,,,,,,,,,
,,,,,,,,,,,monvalle,,,,,,,,,
,,,,,,,,,,,monza,,,,,,,,,
,,,,,,,,,,,monzambano,,,,,,,,,
,,,,,,,,,,,morazzone,,,,,,,,,
,,,,,,,,,,,morbegno,,,,,,,,,
,,,,,,,,,,,morengo,,,,,,,,,
,,,,,,,,,,,mornago,,,,,,,,,
,,,,,,,,,,,mornico-al-serio,,,,,,,,,
,,,,,,,,,,,mortara,,,,,,,,,
,,,,,,,,,,,motta-visconti,,,,,,,,,
,,,,,,,,,,,motteggiana,,,,,,,,,
,,,,,,,,,,,mozzanica,,,,,,,,,
,,,,,,,,,,,mozzate,,,,,,,,,
,,,,,,,,,,,mozzo,,,,,,,,,
,,,,,,,,,,,muggio,,,,,,,,,
,,,,,,,,,,,mulazzano,,,,,,,,,
,,,,,,,,,,,muscoline,,,,,,,,,
,,,,,,,,,,,nave,,,,,,,,,
,,,,,,,,,,,nembro,,,,,,,,,
,,,,,,,,,,,nerviano,,,,,,,,,
,,,,,,,,,,,niardo,,,,,,,,,
,,,,,,,,,,,nibionno,,,,,,,,,
,,,,,,,,,,,nova-milanese,,,,,,,,,
,,,,,,,,,,,novate-mezzola,,,,,,,,,
,,,,,,,,,,,novate-milanese,,,,,,,,,
,,,,,,,,,,,novedrate,,,,,,,,,
,,,,,,,,,,,noviglio,,,,,,,,,
,,,,,,,,,,,nuvolento,,,,,,,,,
,,,,,,,,,,,nuvolera,,,,,,,,,
,,,,,,,,,,,odolo,,,,,,,,,
,,,,,,,,,,,offanengo,,,,,,,,,
,,,,,,,,,,,offlaga,,,,,,,,,
,,,,,,,,,,,oggiona-con-santo-stefano,,,,,,,,,
,,,,,,,,,,,oggiono,,,,,,,,,
,,,,,,,,,,,olgiate-comasco,,,,,,,,,
,,,,,,,,,,,olgiate-olona,,,,,,,,,
,,,,,,,,,,,olginate,,,,,,,,,
,,,,,,,,,,,oltrona-di-san-mamette,,,,,,,,,
,,,,,,,,,,,ome,,,,,,,,,
,,,,,,,,,,,opera,,,,,,,,,
,,,,,,,,,,,origgio,,,,,,,,,
,,,,,,,,,,,orio-litta,,,,,,,,,
,,,,,,,,,,,ornago,,,,,,,,,
,,,,,,,,,,,orsenigo,,,,,,,,,
,,,,,,,,,,,orzinuovi,,,,,,,,,
,,,,,,,,,,,orzivecchi,,,,,,,,,
,,,,,,,,,,,osio-sopra,,,,,,,,,
,,,,,,,,,,,osio-sotto,,,,,,,,,
,,,,,,,,,,,osnago,,,,,,,,,
,,,,,,,,,,,ospedaletto-lodigiano,,,,,,,,,
,,,,,,,,,,,ospitaletto,,,,,,,,,
,,,,,,,,,,,ossona,,,,,,,,,
,,,,,,,,,,,ostiano,,,,,,,,,
,,,,,,,,,,,ostiglia,,,,,,,,,
,,,,,,,,,,,padenghe-sul-garda,,,,,,,,,
,,,,,,,,,,,paderno-d-adda,,,,,,,,,
,,,,,,,,,,,paderno-dugnano,,,,,,,,,
,,,,,,,,,,,paderno-franciacorta,,,,,,,,,
,,,,,,,,,,,pagazzano,,,,,,,,,
,,,,,,,,,,,paitone,,,,,,,,,
,,,,,,,,,,,paladina,,,,,,,,,
,,,,,,,,,,,palazzago,,,,,,,,,
,,,,,,,,,,,palazzo-pignano,,,,,,,,,
,,,,,,,,,,,palestro,,,,,,,,,
,,,,,,,,,,,pallazzolo-sull-oglio,,,,,,,,,
,,,,,,,,,,,palosco,,,,,,,,,
,,,,,,,,,,,pandino,,,,,,,,,
,,,,,,,,,,,pantigliate,,,,,,,,,
,,,,,,,,,,,parabiago,,,,,,,,,
,,,,,,,,,,,paratico,,,,,,,,,
,,,,,,,,,,,pare,,,,,,,,,
,,,,,,,,,,,parona,,,,,,,,,
,,,,,,,,,,,parre,,,,,,,,,
,,,,,,,,,,,passirano,,,,,,,,,
,,,,,,,,,,,pasturo,,,,,,,,,
,,,,,,,,,,,paullo,,,,,,,,,
,,,,,,,,,,,pavia,,,,,,,,,
,,,,,,,,,,,pavone-del-mella,,,,,,,,,
,,,,,,,,,,,pedrengo,,,,,,,,,
,,,,,,,,,,,pegognaga,,,,,,,,,
,,,,,,,,,,,peia,,,,,,,,,
,,,,,,,,,,,perego,,,,,,,,,
,,,,,,,,,,,pero,,,,,,,,,
,,,,,,,,,,,persico-dosimo,,,,,,,,,
,,,,,,,,,,,pescate,,,,,,,,,
,,,,,,,,,,,peschiera,,,,,,,,,
,,,,,,,,,,,pessano-con-bornago,,,,,,,,,
,,,,,,,,,,,pezzaze,,,,,,,,,
,,,,,,,,,,,piadena,,,,,,,,,
,,,,,,,,,,,pian-camuno,,,,,,,,,
,,,,,,,,,,,piancogno,,,,,,,,,
,,,,,,,,,,,pianengo,,,,,,,,,
,,,,,,,,,,,piateda,,,,,,,,,
,,,,,,,,,,,pieve-del-cairo,,,,,,,,,
,,,,,,,,,,,pieve-emanuele,,,,,,,,,
,,,,,,,,,,,pieve-porto-morone,,,,,,,,,
,,,,,,,,,,,pinarolo-po,,,,,,,,,
,,,,,,,,,,,pioltello,,,,,,,,,
,,,,,,,,,,,pisogne,,,,,,,,,
,,,,,,,,,,,piubega,,,,,,,,,
,,,,,,,,,,,piuro,,,,,,,,,
,,,,,,,,,,,pizzighettone,,,,,,,,,
,,,,,,,,,,,poggio-rusco,,,,,,,,,
,,,,,,,,,,,poggiridenti,,,,,,,,,
,,,,,,,,,,,pogliano-milanese,,,,,,,,,
,,,,,,,,,,,polaveno,,,,,,,,,
,,,,,,,,,,,polpenazze-del-garda,,,,,,,,,
,,,,,,,,,,,pompiano,,,,,,,,,
,,,,,,,,,,,pomponesco,,,,,,,,,
,,,,,,,,,,,poncarale,,,,,,,,,
,,,,,,,,,,,ponte-di-legno,,,,,,,,,
,,,,,,,,,,,ponte-in-valtellina,,,,,,,,,
,,,,,,,,,,,ponte-lambro,,,,,,,,,
,,,,,,,,,,,ponte-nossa,,,,,,,,,
,,,,,,,,,,,ponteranica,,,,,,,,,
,,,,,,,,,,,ponte-san-pietro,,,,,,,,,
,,,,,,,,,,,ponte-tresa,,,,,,,,,
,,,,,,,,,,,pontevico,,,,,,,,,
,,,,,,,,,,,pontida,,,,,,,,,
,,,,,,,,,,,pontirolo-nuovo,,,,,,,,,
,,,,,,,,,,,ponti-sul-mincio,,,,,,,,,
,,,,,,,,,,,pontoglio,,,,,,,,,
,,,,,,,,,,,porlezza,,,,,,,,,
,,,,,,,,,,,porto-ceresio,,,,,,,,,
,,,,,,,,,,,porto-mantovano,,,,,,,,,
,,,,,,,,,,,porto-valtravaglia,,,,,,,,,
,,,,,,,,,,,pozzo-d-adda,,,,,,,,,
,,,,,,,,,,,pozzolengo,,,,,,,,,
,,,,,,,,,,,pozzuolo-martesana,,,,,,,,,
,,,,,,,,,,,pradalunga,,,,,,,,,
,,,,,,,,,,,pralboino,,,,,,,,,
,,,,,,,,,,,prata-camportaccio,,,,,,,,,
,,,,,,,,,,,predore,,,,,,,,,
,,,,,,,,,,,pregnana-milanese,,,,,,,,,
,,,,,,,,,,,premana,,,,,,,,,
,,,,,,,,,,,presezzo,,,,,,,,,
,,,,,,,,,,,prevalle,,,,,,,,,
,,,,,,,,,,,primaluna,,,,,,,,,
,,,,,,,,,,,provaglio-d-iseo,,,,,,,,,
,,,,,,,,,,,puegnago-sul-garda,,,,,,,,,
,,,,,,,,,,,quinzano-d-oglio,,,,,,,,,
,,,,,,,,,,,quistello,,,,,,,,,
,,,,,,,,,,,ranica,,,,,,,,,
,,,,,,,,,,,remedello,,,,,,,,,
,,,,,,,,,,,renate,,,,,,,,,
,,,,,,,,,,,rescaldina,,,,,,,,,
,,,,,,,,,,,revere,,,,,,,,,
,,,,,,,,,,,rezzato,,,,,,,,,
,,,,,,,,,,,rho,,,,,,,,,
,,,,,,,,,,,ripalta-cremasca,,,,,,,,,
,,,,,,,,,,,rivanazzano,,,,,,,,,
,,,,,,,,,,,rivarolo-del-re-ed-uniti,,,,,,,,,
,,,,,,,,,,,rivarolo-mantovano,,,,,,,,,
,,,,,,,,,,,rivolta-d-adda,,,,,,,,,
,,,,,,,,,,,robbiate,,,,,,,,,
,,,,,,,,,,,robbio,,,,,,,,,
,,,,,,,,,,,robecchetto-con-induno,,,,,,,,,
,,,,,,,,,,,robecco-d-oglio,,,,,,,,,
,,,,,,,,,,,robecco-sul-naviglio,,,,,,,,,
,,,,,,,,,,,roccafranca,,,,,,,,,
,,,,,,,,,,,rodano,,,,,,,,,
,,,,,,,,,,,rodengo-saiano,,,,,,,,,
,,,,,,,,,,,rodigo,,,,,,,,,
,,,,,,,,,,,roe-volciano,,,,,,,,,
,,,,,,,,,,,rogeno,,,,,,,,,
,,,,,,,,,,,rogno,,,,,,,,,
,,,,,,,,,,,romanengo,,,,,,,,,
,,,,,,,,,,,romano-di-lombardia,,,,,,,,,
,,,,,,,,,,,roncadelle,,,,,,,,,
,,,,,,,,,,,roncello,,,,,,,,,
,,,,,,,,,,,ronco-briantino,,,,,,,,,
,,,,,,,,,,,roncoferraro,,,,,,,,,
,,,,,,,,,,,rosate,,,,,,,,,
,,,,,,,,,,,rovagnate,,,,,,,,,
,,,,,,,,,,,rovato,,,,,,,,,
,,,,,,,,,,,rovellasca,,,,,,,,,
,,,,,,,,,,,rovello-porro,,,,,,,,,
,,,,,,,,,,,roverbella,,,,,,,,,
,,,,,,,,,,,rovetta,,,,,,,,,
,,,,,,,,,,,rozzano,,,,,,,,,
,,,,,,,,,,,rudiano,,,,,,,,,
,,,,,,,,,,,sabbio-chiese,,,,,,,,,
,,,,,,,,,,,sabbioneta,,,,,,,,,
,,,,,,,,,,,sale-marasino,,,,,,,,,
,,,,,,,,,,,salerano-sul-lambro,,,,,,,,,
,,,,,,,,,,,salo,,,,,,,,,
,,,,,,,,,,,saltrio,,,,,,,,,
,,,,,,,,,,,samarate,,,,,,,,,
,,,,,,,,,,,samolaco,,,,,,,,,
,,,,,,,,,,,san-bassano,,,,,,,,,
,,,,,,,,,,,san-benedetto-po,,,,,,,,,
,,,,,,,,,,,san-colombano-al-lambro,,,,,,,,,
,,,,,,,,,,,san-donato-milanese,,,,,,,,,
,,,,,,,,,,,san-fedele-superiore,,,,,,,,,
,,,,,,,,,,,san-felice-del-benaco,,,,,,,,,
,,,,,,,,,,,san-fermo-della-battaglia,,,,,,,,,
,,,,,,,,,,,san-fiorano,,,,,,,,,
,,,,,,,,,,,san-genesio-ed-uniti,,,,,,,,,
,,,,,,,,,,,san-giacomo-delle-segnate,,,,,,,,,
,,,,,,,,,,,san-giorgio-di-mantova,,,,,,,,,
,,,,,,,,,,,san-giorgio-su-legnano,,,,,,,,,
,,,,,,,,,,,san-giovanni-bianco,,,,,,,,,
,,,,,,,,,,,san-giovanni-in-croce,,,,,,,,,
,,,,,,,,,,,san-giuliano-milanese,,,,,,,,,
,,,,,,,,,,,san-martino-dall-argine,,,,,,,,,
,,,,,,,,,,,san-martino-in-strada,,,,,,,,,
,,,,,,,,,,,san-martino-siccomario,,,,,,,,,
,,,,,,,,,,,sannazzaro-de-burgondi,,,,,,,,,
,,,,,,,,,,,san-paolo,,,,,,,,,
,,,,,,,,,,,san-paolo-d-argon,,,,,,,,,
,,,,,,,,,,,san-pellegrino-terme,,,,,,,,,
,,,,,,,,,,,san-rocco-al-porto,,,,,,,,,
,,,,,,,,,,,santa-cristina-e-bissone,,,,,,,,,
,,,,,,,,,,,santa-giuletta,,,,,,,,,
,,,,,,,,,,,santa-maria-della-versa,,,,,,,,,
,,,,,,,,,,,santa-maria-hoe,,,,,,,,,
,,,,,,,,,,,sant-angelo-lodigiano,,,,,,,,,
,,,,,,,,,,,sant-omobono-terme,,,,,,,,,
,,,,,,,,,,,santo-stefano-lodigiano,,,,,,,,,
,,,,,,,,,,,santo-stefano-ticino,,,,,,,,,
,,,,,,,,,,,san-vittore-olona,,,,,,,,,
,,,,,,,,,,,san-zeno-naviglio,,,,,,,,,
,,,,,,,,,,,san-zenone-al-lambro,,,,,,,,,
,,,,,,,,,,,sarezzo,,,,,,,,,
,,,,,,,,,,,sarnico,,,,,,,,,
,,,,,,,,,,,saronno,,,,,,,,,
,,,,,,,,,,,sartirana-lomellina,,,,,,,,,
,,,,,,,,,,,scandolara-ravara,,,,,,,,,
,,,,,,,,,,,scanzorosciate,,,,,,,,,
,,,,,,,,,,,schianno,,,,,,,,,
,,,,,,,,,,,secugnago,,,,,,,,,
,,,,,,,,,,,sedriano,,,,,,,,,
,,,,,,,,,,,sedrina,,,,,,,,,
,,,,,,,,,,,segrate,,,,,,,,,
,,,,,,,,,,,selvino,,,,,,,,,
,,,,,,,,,,,senago,,,,,,,,,
,,,,,,,,,,,seniga,,,,,,,,,
,,,,,,,,,,,senna-comasco,,,,,,,,,
,,,,,,,,,,,senna-lodigiana,,,,,,,,,
,,,,,,,,,,,seregno,,,,,,,,,
,,,,,,,,,,,sergnano,,,,,,,,,
,,,,,,,,,,,seriate,,,,,,,,,
,,,,,,,,,,,serina,,,,,,,,,
,,,,,,,,,,,serle,,,,,,,,,
,,,,,,,,,,,sermide,,,,,,,,,
,,,,,,,,,,,serravalle-a-po,,,,,,,,,
,,,,,,,,,,,sesto-calende,,,,,,,,,
,,,,,,,,,,,sesto-ed-uniti,,,,,,,,,
,,,,,,,,,,,sesto-san-giovanni,,,,,,,,,
,,,,,,,,,,,settala,,,,,,,,,
,,,,,,,,,,,settimo-milanese,,,,,,,,,
,,,,,,,,,,,seveso,,,,,,,,,
,,,,,,,,,,,sirmione,,,,,,,,,
,,,,,,,,,,,sirone,,,,,,,,,
,,,,,,,,,,,sirtori,,,,,,,,,
,,,,,,,,,,,siziano,,,,,,,,,
,,,,,,,,,,,solaro,,,,,,,,,
,,,,,,,,,,,solbiate,,,,,,,,,
,,,,,,,,,,,solbiate-arno,,,,,,,,,
,,,,,,,,,,,solbiate-olona,,,,,,,,,
,,,,,,,,,,,solferino,,,,,,,,,
,,,,,,,,,,,somaglia,,,,,,,,,
,,,,,,,,,,,somma-lombardo,,,,,,,,,
,,,,,,,,,,,soncino,,,,,,,,,
,,,,,,,,,,,sondalo,,,,,,,,,
,,,,,,,,,,,sondrio,,,,,,,,,
,,,,,,,,,,,sordio,,,,,,,,,
,,,,,,,,,,,soresina,,,,,,,,,
,,,,,,,,,,,sorisole,,,,,,,,,
,,,,,,,,,,,sospiro,,,,,,,,,
,,,,,,,,,,,sotto-il-monte,,,,,,,,,
,,,,,,,,,,,sovere,,,,,,,,,
,,,,,,,,,,,sovico,,,,,,,,,
,,,,,,,,,,,spinadesco,,,,,,,,,
,,,,,,,,,,,spino-d-adda,,,,,,,,,
,,,,,,,,,,,spirano,,,,,,,,,
,,,,,,,,,,,stezzano,,,,,,,,,
,,,,,,,,,,,stradella,,,,,,,,,
,,,,,,,,,,,suello,,,,,,,,,
,,,,,,,,,,,suisio,,,,,,,,,
,,,,,,,,,,,sulbiate,,,,,,,,,
,,,,,,,,,,,sumirago,,,,,,,,,
,,,,,,,,,,,sustinente,,,,,,,,,
,,,,,,,,,,,suzzara,,,,,,,,,
,,,,,,,,,,,taino,,,,,,,,,
,,,,,,,,,,,talamona,,,,,,,,,
,,,,,,,,,,,tavernerio,,,,,,,,,
,,,,,,,,,,,tavernola-bergamasca,,,,,,,,,
,,,,,,,,,,,teglio,,,,,,,,,
,,,,,,,,,,,telgate,,,,,,,,,
,,,,,,,,,,,ternate,,,,,,,,,
,,,,,,,,,,,terno-d-isola,,,,,,,,,
,,,,,,,,,,,tirano,,,,,,,,,
,,,,,,,,,,,torbole,,,,,,,,,
,,,,,,,,,,,torre-boldone,,,,,,,,,
,,,,,,,,,,,torre-de-busi,,,,,,,,,
,,,,,,,,,,,torre-de-picenardi,,,,,,,,,
,,,,,,,,,,,torre-de-roveri,,,,,,,,,
,,,,,,,,,,,torre-d-isola,,,,,,,,,
,,,,,,,,,,,torrevecchia-pia,,,,,,,,,
,,,,,,,,,,,toscolano,,,,,,,,,
,,,,,,,,,,,tradate,,,,,,,,,
,,,,,,,,,,,traona,,,,,,,,,
,,,,,,,,,,,travaco-siccomario,,,,,,,,,
,,,,,,,,,,,travagliato,,,,,,,,,
,,,,,,,,,,,travedona,,,,,,,,,
,,,,,,,,,,,tremosine,,,,,,,,,
,,,,,,,,,,,trenzano,,,,,,,,,
,,,,,,,,,,,trescore-balneario,,,,,,,,,
,,,,,,,,,,,trescore-cremasco,,,,,,,,,
,,,,,,,,,,,tresivio,,,,,,,,,
,,,,,,,,,,,treviglio,,,,,,,,,
,,,,,,,,,,,treviolo,,,,,,,,,
,,,,,,,,,,,trezzano-rosa,,,,,,,,,
,,,,,,,,,,,trezzano-sul-naviglio,,,,,,,,,
,,,,,,,,,,,trezzo-sull-adda,,,,,,,,,
,,,,,,,,,,,tribiano,,,,,,,,,
,,,,,,,,,,,trigolo,,,,,,,,,
,,,,,,,,,,,triuggio,,,,,,,,,
,,,,,,,,,,,tromello,,,,,,,,,
,,,,,,,,,,,truccazzano,,,,,,,,,
,,,,,,,,,,,turate,,,,,,,,,
,,,,,,,,,,,turbigo,,,,,,,,,
,,,,,,,,,,,uboldo,,,,,,,,,
,,,,,,,,,,,uggiate,,,,,,,,,
,,,,,,,,,,,urago-d-oglio,,,,,,,,,
,,,,,,,,,,,urgnano,,,,,,,,,
,,,,,,,,,,,usmate-velate,,,,,,,,,
,,,,,,,,,,,vaiano-cremasco,,,,,,,,,
,,,,,,,,,,,vailate,,,,,,,,,
,,,,,,,,,,,valbrembo,,,,,,,,,
,,,,,,,,,,,valbrona,,,,,,,,,
,,,,,,,,,,,valdidentro,,,,,,,,,
,,,,,,,,,,,valdisotto,,,,,,,,,
,,,,,,,,,,,valfurva,,,,,,,,,
,,,,,,,,,,,valgreghentino,,,,,,,,,
,,,,,,,,,,,valle-lomellina,,,,,,,,,
,,,,,,,,,,,valmadrera,,,,,,,,,
,,,,,,,,,,,valmorea,,,,,,,,,
,,,,,,,,,,,vanzaghello,,,,,,,,,
,,,,,,,,,,,vanzago,,,,,,,,,
,,,,,,,,,,,vaprio-d-adda,,,,,,,,,
,,,,,,,,,,,varano-borghi,,,,,,,,,
,,,,,,,,,,,varedo,,,,,,,,,
,,,,,,,,,,,varese,,,,,,,,,
,,,,,,,,,,,varzi,,,,,,,,,
,,,,,,,,,,,vedano-al-lambro,,,,,,,,,
,,,,,,,,,,,vedano-olona,,,,,,,,,
,,,,,,,,,,,veduggio-con-colzano,,,,,,,,,
,,,,,,,,,,,vellezzo-bellini,,,,,,,,,
,,,,,,,,,,,venegono-inferiore,,,,,,,,,
,,,,,,,,,,,venegono-superiore,,,,,,,,,
,,,,,,,,,,,veniano,,,,,,,,,
,,,,,,,,,,,verano-brianza,,,,,,,,,
,,,,,,,,,,,vercurago,,,,,,,,,
,,,,,,,,,,,verdellino,,,,,,,,,
,,,,,,,,,,,verdello,,,,,,,,,
,,,,,,,,,,,verderio-inferiore,,,,,,,,,
,,,,,,,,,,,verderio-superiore,,,,,,,,,
,,,,,,,,,,,vergiate,,,,,,,,,
,,,,,,,,,,,vermezzo,,,,,,,,,
,,,,,,,,,,,vernate,,,,,,,,,
,,,,,,,,,,,verolanuova,,,,,,,,,
,,,,,,,,,,,verolavecchia,,,,,,,,,
,,,,,,,,,,,vertemate,,,,,,,,,
,,,,,,,,,,,vertova,,,,,,,,,
,,,,,,,,,,,vescovato,,,,,,,,,
,,,,,,,,,,,vestone,,,,,,,,,
,,,,,,,,,,,viadana,,,,,,,,,
,,,,,,,,,,,vidigulfo,,,,,,,,,
,,,,,,,,,,,vigano,,,,,,,,,
,,,,,,,,,,,vigevano,,,,,,,,,
,,,,,,,,,,,viggiu,,,,,,,,,
,,,,,,,,,,,vignate,,,,,,,,,
,,,,,,,,,,,villa,,,,,,,,,
,,,,,,,,,,,villa-cortese,,,,,,,,,
,,,,,,,,,,,villa-d-adda,,,,,,,,,
,,,,,,,,,,,villa-d-alme,,,,,,,,,
,,,,,,,,,,,villa-di-serio,,,,,,,,,
,,,,,,,,,,,villa-di-tirano,,,,,,,,,
,,,,,,,,,,,villa-d-ogna,,,,,,,,,
,,,,,,,,,,,villa-guardia,,,,,,,,,
,,,,,,,,,,,villanterio,,,,,,,,,
,,,,,,,,,,,villanuova-sul-clisi,,,,,,,,,
,,,,,,,,,,,villa-poma,,,,,,,,,
,,,,,,,,,,,villasanta,,,,,,,,,
,,,,,,,,,,,villavesco,,,,,,,,,
,,,,,,,,,,,villimpenta,,,,,,,,,
,,,,,,,,,,,villongo-sant-alessandro,,,,,,,,,
,,,,,,,,,,,vilminore-di-scalve,,,,,,,,,
,,,,,,,,,,,vimercate,,,,,,,,,
,,,,,,,,,,,vimodrone,,,,,,,,,
,,,,,,,,,,,visano,,,,,,,,,
,,,,,,,,,,,vittuone,,,,,,,,,
,,,,,,,,,,,vizzolo-predabissi,,,,,,,,,
,,,,,,,,,,,vobarno,,,,,,,,,
,,,,,,,,,,,voghera,,,,,,,,,
,,,,,,,,,,,volta-mantovana,,,,,,,,,
,,,,,,,,,,,zandobbio,,,,,,,,,
,,,,,,,,,,,zanica,,,,,,,,,
,,,,,,,,,,,zelo-buon-persico,,,,,,,,,
,,,,,,,,,,,zibido-san-giacomo,,,,,,,,,
,,,,,,,,,,,zinasco,,,,,,,,,
,,,,,,,,,,,zogno,,,,,,,,,
