new-zealand,auckland,bay-of-plenty,canterbury,chatham-islands,hawkes-bay,manawatu-wanganui,marlborough,northland,otago,southland,taranaki,tasman,waikato,wellington,west-coast
auckland,manukau,whakatane,christchurch,waitangi,napier,palmerston-north,blenheim,whangarei,dunedin,invercargill,new-plymouth,richmond,hamilton,lower-hutt,greymouth
bay-of-plenty,north-shore,maketu,timaru,,hastings,levin,picton,waimate-north,oamaru,gore,hawera,mapua,taupo,porirua,westport
canterbury,waitakere,tauranga,kaiapoi,,taradale,waiouru,,kawakawa,queenstown,winton,eltham,wakefield,cambridge,upper-hutt,hokitika
chatham-islands,mangere,rotorua,rolleston,,wairoa,foxton,,kerikeri,balclutha,te-anau,opunake,motueka,tokoroa,paraparaumu,
gisborne,papakura,kawerau,woodend,,,wanganui,,paihia,wanaka,bluff,patea,brightwater,waiuku,masterton,
hawkes-bay,pukekohe-east,opotiki,lincoln,,,,,ngunguru,arrowtown,riverton,,takaka-,thames,karori,
manawatu-wanganui,takanini,katikati-,kaikoura,,,,,dargaville,milton,,,,waihi,petone,
marlborough,pakuranga,waihi-beach,oxford,,,,,moerewa,,,,,whangamata,otaki,
nelson,matamata,murupara,darfield,,,,,ahipara,,,,,paeroa,brooklyn,
northland,ngaruawahia,edgecumbe,leeston,,,,,maungatapere,,,,,whitianga,kelburn,
otago,tamaki,,burnham,,,,,,,,,,raglan,waipawa,
southland,wiri,,methven,,,,,,,,,,otorohanga,castlepoint,
taranaki,warkworth,,pleasant-point,,,,,,,,,,tairua,,
tasman,titirangi,,amberley,,,,,,,,,,coromandel,,
waikato,red-hill,,rakaia,,,,,,,,,,te-kauwhata,,
wellington,muriwai-beach,,,,,,,,,,,,ngatea,,
west-coast,wellsford,,,,,,,,,,,,,,
,parakai,,,,,,,,,,,,,,
