singapore,central-region,east-region,north-region,north-east-region,west-region
central-region,anson-road,aljunied,bugis-kampong-glam,ang-mo-kio,bukit-batok
east-region,ayer-rajah,bedok,mandai,boon-keng,bukit-panjang
north-region,balestier-road,kembangan,marina-bay,hougang,choa-chu-kang
north-east-region,bartley,little-india,sembawang,jalan-kayu-seletar,clementi
west-region,bishan,macpherson,simpang,north-eastern-islands,jurong-east
,bukit-merah,pasir-ris,western-water-catchment,paya-lebar,jurong-west
,bukit-timah,tampines,woodlands,potong-pasir,kent-ridge
,buona-vista,,,punggol,teban-gardens
,chinatown,,,seletar,tengah
,downtown-core,,,sengkang,tuas
,geylang,,,serangoon,
,kallang,,,,
,marine-parade,,,,
,newton,,,,
,novena,,,,
,orchard-road,,,,
,outram,,,,
,pasir-panjang,,,,
,queenstown,,,,
,river-valley,,,,
,rochor,,,,
,tanglin,,,,
,tanjong-pagar,,,,
,telok-blangah,,,,
,toa-payoh,,,,
