spain,andalusia,aragon,asturias,balearic-islands,basque-country,canary-islands,cantabria,castille-and-leon,castille-la-mancha,catalonia,extremadura,galicia,la-rioja,madrid,murcia,navarre,valencia
andalusia,abla,ainsa,arriba,alaior,algorta,las-palmas-de-gran-canaria,ampuero,agreda,albacete,abrera,aceuchal,a-coruna,albelda-de-iregua,ajalvir,abanilla,allo,ademuz
aragon,abrucena,ainzon,aviles,alaro,amorebieta-etxano,santa-cruz-de-tenerife,arenas-de-iguna,aguilar-de-campoo,talavera-de-la-reina,agramunt,ahigal,a-estrada,alberite,alcala-de-henares,abaran,altsasu,ador
asturias,acala-del-rio,alagon,barzana,alcudia,amurrio,la-laguna,argonos,alaejos,abenojar,aiguafreda,ahillones,abadin,aldeanueva-de-ebro,alcobendas,aguilas,andosilla,adzaneta
balearic-islands,adamuz,albalate-de-cinca,belmonte,algaida,andoain,telde,barcena-de-cicero,alar-del-rey,ajofrin,aitona,alange,abegondo,alfaro,alcorcon,albudeite,aoiz,agost
basque-country,adra,albalate-del-arzobispo,bimenes,andratx,araya,arona,bareyo,alba-de-tormes,albaladejo,alas-i-cerc,alburquerque,allariz,arnedo,aldea-del-fresno,alcantarilla,arguedas,agullent
canary-islands,aguadulce,albarracin,boal,arta,aretxabaleta,santa-lucia,cabezon-de-la-sal,alcanices,alcala-del-jucar,albesa,alcantara,ambia,arrubal,algete,aledo,arroniz,aielo-de-malferit
cantabria,aguilar,alcaniz,campo-de-caso,binissalem,arrasate-mondragon,arrecife,camargo,aldeadavila-de-la-ribera,alcaraz,alcanar,alconchel,ames,autol,alpedrete,alguazas,artajona,alaquas
castille-and-leon,alameda,alcolea-de-cinca,cangas-de-onis,buger,arrigorriaga,san-bartolome,cartes,aldeamayor-de-san-martin,alcazar-de-san-juan,alcarras,alcuescar,amoeiro,banos-de-rio-tobia,aranjuez,alhama-de-murcia,atarrabia,albaida
castille-la-mancha,albaida-del-aljarafe,alcorisa,cangas-del-narcea,bunyola,asteasu,adeje,castro-urdiales,almazan,alcolea-de-calatrava,alcoletge,aldeanueva-de-la-vera,aranga,calahorra,arganda,archena,ayegui,albal
catalonia,albolote,alfajarin,carrena,calvia,astigarraga,la-orotava,colindres,aranda-de-duero,aldea-del-rey,alcover,alia,arbo,casalarreina,arroyomolinos,beniel,azagra,albalat-de-la-ribera
ceuta,albox,alfamen,castandiello,campanet,ataun,granadilla-de-abona,comillas,arcos-de-jalon,alhambra,alella,aliseda,ares,cenicero,batres,blanca,baranain,albalat-dels-sorells
extremadura,albunol,alhama-de-aragon,castrillon,capdepera,azkoitia,los-realejos,corvera,arenas-de-san-pedro,almagro,alfarras,almaraz,arteixo,cervera-del-rio-alhama,becerril-de-la-sierra,bullas,bera,albatera
galicia,albunuelas,almozara,coana,ciutadella,azpeitia,arucas,el-astillero,arevalo,almansa,alforja,almendral,arzua,entrena,belmonte-de-tajo,calasparra,beriain,alberic
la-rioja,alcala-de-guadaira,almudebar,colunga,consell,barakaldo,realejo-alto,hazas-de-cesto,arroyo,almodovar-del-campo,alguaire,almendralejo,avion,ezcaray,boadilla-del-monte,campos-del-rio,berriobeiti,albocasser
madrid,alcala-de-los-gazules,altorricon,corvera-de-asturias,costitx,basauri,puerto-del-rosario,laredo,astorga,almorox,almenar,almoharin,baiona,fuenmayor,boalo,caravaca,berriozar,alboraya
melilla,alcala-del-valle,andorra,cudillero,deia,beasain,puerto-de-la-cruz,limpias,astudillo,alovera,almoster,arroyo-de-la-luz,baltar,haro,brea-de-tajo,cartagena,bunuel,albuixech
murcia,alcala-la-real,arenys-de-lledo,el-entrego,eivissa,berango,puerto-del-carmen,los-corrales-de-buelna,avila-de-los-caballeros,alpera,alpicat,arroyo-de-san-servan,bande,lardero,brunete,cehegin,burlata,alcala-de-xivert
navarre,alcaracejos,ariza,el-franco,es-camp-de-mar,bergara,ingenio,luzmela,ayllon,anover-de-tajo,altafulla,azuaga,banos-de-molgas,logrono,buitrago-del-lozoya,ceuti,cabredo,alcalali
valencia,alcaucin,ateca,figueras,es-castell,bermeo,aguimes,mataporquera,baltanas,arenas-de-san-juan,amposta,badajoz,baralla,murillo-de-rio-leza,bustarviejo,cieza,cadreita,alcantera-de-xuquer
,alcaudete,ayerbe,gijon,es-mercadal,berriatua,galdar,miengo,barraco,argamasilla-de-alba,angles,barcarrota,becerrea,najera,camarma-de-esteruelas,fortuna,caparroso,alcasser
,alcolea,ballobar,grado,esporles,berriz,candelaria,molledo,barruelo-de-santullan,argamasilla-de-calatrava,anglesola,berlanga,begonte,navajun,campo-real,fuente-alamo-de-murcia,carcar,alcoceber
,alcolea-del-rio,barbastro,grandas-de-salime,felanitx,bilbao,icod-de-los-vinos,noja,becerril-de-campos,azuqueca-de-henares,arbeca,bienvenida,bergondo,pradejon,carabana,jumilla,carcastillo,alcoi
,alfacar,belchite,illas,ferreries,busturi-axpe,tacoronte,penagos,bejar,balazote,arenys-de-mar,bodonal-de-la-sierra,betanzos,quel,casarrubuelos,la-manga-del-mar-menor,caseda,aldaia
,alfarnate,belver,la-plaza,inca,deba,la-oliva,puente-viesgo,belorado,bargas,arenys-de-munt,brozas,blancos,rincon-de-soto,cercedilla,la-union,castejon,alfafar
,algamitas,benasque,llanera,lloret-de-vistalegre,derio,mogan,ramales-de-la-victoria,bembibre,barrax,argentona,burguillos-del-cerro,boboras,san-asensio,chapineria,las-torres-de-cotillas,cintruenigo,alfara-del-patriarca
,algar,benavarri,llanes,lloseta,durango,pajara,reinosa,benavente,belmonte,artes,cabeza-del-buey,boimorto,san-vicente-de-la-sonsierra,chinchon,librilla,cizur-mayor,alfarp
,algarinejo,binaced,luanco,llubi,ea,los-llanos-de-aridane,reocin,benavides,belvis-de-la-jara,artesa-de-segre,cabeza-la-vaca,boiro,santo-domingo-de-la-calzada,ciempozuelos,lorca,corella,alfarrasi
,algarrobo,binefar,lugones,llucmajor,eibar,guia-de-isora,san-martin-de-elines,berlanga-de-duero,bogarra,asco,cabezuela-del-valle,bueu,villalba-de-rioja,cobena,lorqui,doneztebe,algemesi
,algeciras,biota,mieres,magaluf,el-corrillo,tias,san-miguel-de-meruelo,bermillo-de-sayago,bolanos-de-calatrava,avinyo,caceres,burela-de-cabo,villamediana-de-iregua,collado-mediano,los-alcazares,echarri-aranaz,alginet
,algodonales,boquineni,muros-de-nalon,manacor,elgoibar,teguise,san-vicente-de-la-barquera,boecillo,bonete,badalona,calamonte,caldas-de-reis,villarta-quintana,collado-villalba,mazarron,egues-uharte,algorfa
,alhama-de-almeria,bordalba,navia,mao,elorrio,santa-brigida,santa-cruz-de-bezana,bonar,borox,baga,calera-de-leon,calvos,,colmenar-de-oreja,molina-de-segura,elorz,alguena
,alhama-de-granada,borja,norena,maria-de-la-salut,erandio,san-bartolome,santa-maria-de-cayon,briviesca,brazatortas,balaguer,caminomorisco,camarinas,,colmenar-del-arroyo,moratalla,estella,alicante
,alhaurin-de-la-torre,brea-de-aragon,oviedo,marratxi,ermua,guimar,santander,burgohondo,brihuega,balsareny,campanario,cambados,,colmenar-viejo,mula,falces,almassora
,alhaurin-el-grande,cadrete,parres,montuiri,errenteria,playa-del-ingles,santillana,burgos,burguillos-de-toledo,banyoles,campillo-de-llerena,cambre,,colmenarejo,murcia,fitero,almenara
,alhendin,calaceite,pilona,muro,eskoriatza,santa-cruz-de-la-palma,santiurde-de-toranzo,bustillo-del-paramo,burujon,barbera-del-valles,canamero,cangas,,coslada,pliego,funes,almoines
,aljaraque,calamocha,pola-de-allande,palma,forua,san-miguel,santona,cabezon,cabanas-de-la-sagra,barcelona,canaveral,carballeda-de-avia,,cubas,puerto-lumbreras,fustinana,almoradi
,almachar,calanda,pola-de-laviana,petra,fuenterrabia,guia,selaya,cabrerizos,cabanillas-del-campo,bas,carcaboso,carballo,,daganzo-de-arriba,ricote,galar,almussafes
,almargen,calatayud,pola-de-lena,pollenca,galdakao,santa-ursula,solorzano,cacabelos,calera-y-chozas,batea,casar-de-caceres,carino,,el-alamo,san-javier,genevilla,alquerias-del-nino-perdido
,almedinilla,calatorao,pola-de-siero,porreres,gatika,tuineje,suances,calvarrasa-de-abajo,camarena,begues,casar-de-palomero,carnota,,el-escorial,san-pedro-del-pinatar,larraga,altea
,almensilla,carinena,pola-de-somiedo,port-d-alcudia,gernika-lumo,corralejo,torrelavega,campaspero,campillo-de-altobuey,begur,casares-de-las-hurdes,carral,,el-molar,santomera,lerin,altura
,almeria,caspe,ribadesella,puigpunyent,getaria,teror,villacarriedo,camponaraya,campisabalos,bellcaire-d-urgell,casas-de-don-pedro,cartelle,,el-vellon,torre-pacheco,lodosa,alzira
,almodovar-del-rio,cella,rio-aller,sa-pobla,getxo,santiago-del-teide,villaescusa,candelario,campo-de-criptana,bellpuig,casatejada,castrelo-de-mino,,estremera,totana,los-arcos,anna
,almogia,cuarte-de-huerva,salas,sant-antoni-de-portmany,gorliz-elexalde,puerto-rico,villafufre,candeleda,camunas,bellver-de-cerdanya,castanar-de-ibor,castro,,fresnedillas,yecla,lumbier,antella
,almonte,daroca,sama,sant-francesc-de-formentera,guenes,tegueste,,cantalapiedra,carranque,bellvis,castilblanco,castro-caldelas,,fresno-de-torote,,marcilla,artana
,almunecar,delicias,san-antolin,sant-joan-de-labritja,hernani,antigua,,cantalejo,carrion-de-calatrava,berga,castuera,castroverde,,fuenlabrada,,mendavia,aspe
,alora,ejea-de-los-caballeros,santa-eulalia,sant-josep-de-sa-talaia,idiazabal,san-sebastian-de-la-gomera,,cantalpino,carrizosa,besalu,ceclavin,catoira,,fuente-el-saz,,mendigorria,atzeneta-d-albaida
,alosno,el-burgo-de-ebro,sariego,sant-lluis,irun,yaiza,,cantimpalos,casarrubios-del-monte,bescano,cheles,cea,,fuentiduena-de-tajo,,milagro,ayora
,alozaina,epila,soto-del-barco,santa-eugenia,irura,valsequillo-de-gran-canaria,,carbajosa-de-la-sagrada,casas-de-benitez,bigues-i-riells,cilleros,cedeira,,galapagar,,murchante,barx
,alpujarra-granadina,escatron,tapia-de-casariego,santa-eularia-des-riu,labastida,la-victoria-de-acentejo,,carbonero-el-mayor,casas-de-fernando-alonso,blanes,cordobilla-de-lacara,cee,,getafe,,olazagutia,barxeta
,andujar,escucha,tineo,santa-margalida,laguardia,sauzal,,carracedelo,casas-de-garcimolina,bordils,coria,celanova,,grinon,,olite,bellreguard
,anora,fabara,vegadeo,santa-ponca,landa,san-nicolas,,carrion-de-los-condes,casas-de-juan-nunez,breda,corte-de-peleas,cenlle,,guadalix-de-la-sierra,,oltza,benaguasil
,antas,fago,villaviciosa,santanyi,lapuebla-de-labarca,la-matanza-de-acentejo,,carrizo-de-la-ribera,casas-ibanez,cabrera-de-mar,don-benito,cerdido,,guadarrama,,orkoien,benasal
,antequera,figueruelas,villayon,s-arenal,lasarte,vega-de-san-mateo,,casavieja,casasimarro,cabrils,el-casar,cervo,,hoyo-de-manzanares,,pamplona,beneixama
,aracena,fonz,,selva,legorreta,moya,,castrocalbon,castellar-de-santiago,cadaques,eljas,cesuras,,humanes-de-madrid,,peralta,benejuzar
,arboleas,fraga,,sencelles,leioa,lomo-de-arico,,castrocontrigo,castillo-de-bayuela,calaf,esparragalejo,chantada,,la-cabrera,,petilla-de-aragon,benetusser
,archidona,frescano,,ses-salines,lekeitio,firgas,,castronuno,caudete,calafell,esparragosa-de-la-serena,coiros,,las-matas,,puente-la-reina,benferri
,arcos-de-la-frontera,fuentes-de-ebro,,sineu,lezama,brena-alta,,castropodame,cazalegas,caldes-de-montbui,esparragosa-de-lares,coles,,las-rozas-de-madrid,,ribaforada,beniarbeig
,ardales,fuentes-de-rubielos,,soller,lezo,el-paso,,cebreros,cebolla,calella,feria,combarro,,las-tablas,,san-adrian,beniarjo
,arenas,gallur,,son-servera,llodio,garachico,,cervera-de-pisuerga,cedillo-del-condado,calonge,fregenal-de-la-sierra,corcubion,,leganes,,sanguesa,beniarres
,arenas-del-rey,gelsa,,valldemossa,mendaro,garachico,,chozas-de-abajo,cenizate,cambrils,fuenlabrada-de-los-montes,corgo,,loeches,,santacara,benicarlo
,arjona,granen,,vilafranca-de-bonany,moreda-de-alava,tazacorte,,cigales,chiloeches,campdevanol,fuente-de-cantos,coristanco,,los-molinos,,sartaguda,benicassim
,arjonilla,graus,,,mungia,los-silos,,cigudosa,chinchilla-de-monte-aragon,camprodon,fuente-del-maestre,covelo,,los-santos-de-la-humosa,,sesma,benidoleig
,armilla,gurrea-de-gallego,,,murguia,agaete,,cisterniga,chozas-de-canales,canet-de-mar,fuentes-de-leon,cualedro,,majadahonda,,tafalla,benidorm
,arquillos,hijar,,,mutriku,la-guancha,,cistierna,cifuentes,canovelles,galisteo,culleredo,,manzanares-el-real,,tudela,benifaio
,arriate,huesca,,,onate,arafo,,ciudad-rodrigo,ciudad-real,canoves-i-samalus,garganta-la-olla,cuntis,,meco,,valtierra,benifairo-de-les-valls
,arroyo-del-ojanco,illueca,,,ondarroa,buenavista-del-norte,,coca,cobeja,capellades,garrovillas,curtis,,mejorada-del-campo,,villafranca,beniganim
,atarfe,jaca,,,oria,tinajo,,congosto,cobisa,cardedeu,gata,dozon,,miraflores-de-la-sierra,,villatuerta,benijofar
,ayamonte,la-almunia-de-dona-godina,,,orio,san-juan-de-la-rambla,,coreses,consuegra,cardona,granja-de-torrehermosa,dumbria,,moraleja-de-enmedio,,yerri,benimodo
,aznalcazar,lanaja,,,oyon,valverde,,corrales,corral-de-almaguer,cassa-de-la-selva,guadalupe,entrimo,,moralzarzal,,zuniga,beniparrell
,aznalcollar,lecinena,,,pasaia,haria,,corullon,corral-de-calatrava,castellar-del-valles,guarena,esgos,,morata-de-tajuna,,,benirredra
,badolatosa,lledo,,,portugalete,mazo,,covaleda,cozar,castellbisbal,guijo-de-galisteo,fene,,mostoles,,,benisano
,baena,luceni,,,salvatierra,brena-baja,,cuadros,cuenca,castelldefels,herrera-del-duque,ferrol,,navacerrada,,,benissa
,baeza,maella,,,san-sebastian,valleseco,,cubillos-del-sil,cuerva,castellet,hervas,fisterra,,navalagamella,,,benitachell
,bailen,magallon,,,santurtzi,frontera,,cuellar,daimiel,castello-d-empuries,higuera-de-la-serena,fonsagrada,,navalcarnero,,,betera
,banos-de-la-encina,mallen,,,santutxu,vallehermosa,,duenas,dosbarrios,castell-platja-d-aro,higuera-de-vargas,fornelos-de-montes,,navas-del-rey,,,biar
,barbate-de-franco,maluenda,,,segura,tanque,,duruelo-de-la-sierra,el-bonillo,castellsera,higuera-la-real,foz,,nuevo-baztan,,,bigastro
,baza,maria-de-huerva,,,sestao,playa-de-las-americas,,el-barco-de-avila,el-carpio-de-tajo,castellvi-de-rosanes,hornachos,friol,,paracuellos-de-jarama,,,bocairent
,beas,mas-de-las-matas,,,sopelana,fasnia,,el-burgo-de-osma,el-casar-de-escalona,celra,jaraiz-de-la-vera,gondomar,,parla,,,bolbaite
,beas-de-granada,mequinensa,,,sopuerta,cruce-de-arinaga,,el-hoyo-de-pinares,el-pedernoso,centelles,jarandilla-de-la-vera,guitiriz,,pedrezuela,,,borriol
,beas-de-segura,mirambel,,,tolosa,tijarafe,,el-tiemblo,el-provencio,cerdanyola-del-valles,jerez-de-los-caballeros,incio,,pelayos-de-la-presa,,,bunol
,begijar,monreal-del-campo,,,urduna,puntallana,,espinosa-de-los-monteros,el-puente-del-arzobispo,cervello,jerte,la-rua,,perales-de-tajuna,,,burjassot
,belalcazar,montalban,,,urnieta,tejeda,,fabero,el-real-de-san-vicente,cervera,la-albuera,lalin,,pezuela-de-las-torres,,,burriana
,belmez,montecanal,,,urrestieta,barlovento,,fermoselle,el-robledo,ciutat-vella,la-codosera,lama,,pinar-de-chamartin,,,busot
,belmez-de-la-moraleda,monzon,,,urtuella,hermigua,,folgoso-de-la-ribera,el-toboso,collbato,la-coronada,lancara,,pinto,,,cabanes
,benacazon,mora-de-rubielos,,,usurbil,alajero,,fonfria,el-viso-de-san-juan,constanti,la-cumbre,laracha,,pozuelo-de-alarcon,,,calig
,benahadux,morata-de-jalon,,,villabona,las-rosas,,fresno-el-viejo,elche-de-la-sierra,corbera-de-llobregat,la-garrovilla,laza,,quijorna,,,callosa-de-segura
,benahavis,muel,,,villanueva-de-valdegovia,vilaflor,,fuensaldana,escalona,corbins,la-haba,lobios,,rascafria,,,calp
,benalmadena,nonaspe,,,vitoria-gasteiz,garafia,,fuentesauco,escalonilla,cornella-de-llobregat,la-nava-de-santiago,lousame,,ribatejada,,,camporrobles
,benalua-de-guadix,novallas,,,zamudio,fuencaliente-de-la-palma,,fuentes-de-onoro,esquivias,creixell,la-parra,lugo,,robledo-de-chavela,,,canals
,benalua-de-las-villas,olba,,,zaratamo,puntagorda,,galende,ferez,cruilles,la-roca-de-la-sierra,luintra,,san-agustin-de-guadalix,,,canet-d-en-berenguer
,benamargosa,oliver-valdefierro,,,zarautz,artenara,,gallegos,fontanar,cubelles,llerena,maceda,,san-fernando-de-henares,,,carcaixent
,benamaurel,orihuela-del-tremedal,,,zeanuri,agulo,,garrafe-de-torio,fuencaliente,cunit,lobon,malpica,,san-lorenzo-de-el-escorial,,,carcer
,benameji,pedrola,,,zierbena,el-cotillo,,golmayo,fuensalida,deltebre,logrosan,manzaneda,,san-martin-de-la-vega,,,carlet
,benamocarra,pina-de-ebro,,,zumaia,,,gradefes,fuente-de-pedro-naharro,dosrius,los-santos-de-maimona,marin,,san-martin-de-valdeiglesias,,,casinos
,benaojan,pinseque,,,zumarraga,,,grijota,fuente-el-fresno,eixample,losar-de-la-vera,maside,,san-sebastian-de-los-reyes,,,castalla
,berja,pozuel-de-ariza,,,,,,guardo,fuente-alamo,el-masnou,madrigal-de-la-vera,mazaricos,,santa-maria-de-la-alameda,,,castell-de-cabres
,bollullos-de-la-mitacion,puebla-de-alfinden,,,,,,guijuelo,fuentealbilla,el-perello,madrigalejo,meano,,serranillos-del-valle,,,castello-de-la-plana
,bollullos-par-del-condado,quinto,,,,,,herrera-de-pisuerga,galvez,el-prat-de-llobregat,madronera,meira,,sevilla-la-nueva,,,castello-de-rugat
,bonares,remolinos,,,,,,hospital-de-orbigo,gerindote,el-vendrell,maguilla,meis,,talamanca-de-jarama,,,catadau
,bormujos,ricla,,,,,,huerta-del-rey,guadalajara,eller,majadas,melon,,tielmes,,,catarroja
,bornos,sabinanigo,,,,,,ibeas-de-juarros,guadamur,empuriabrava,malpartida-de-caceres,mesia,,torrejon-de-ardoz,,,catral
,brenes,sadaba,,,,,,iguena,hellin,esparreguera,malpartida-de-plasencia,mino,,torrejon-de-la-calzada,,,chella
,bujalance,sahun,,,,,,iscar,herencia,esplugues-de-llobregat,medellin,moana,,torrejon-de-velasco,,,chelva
,burguillos,saidi,,,,,,la-adrada,higueruela,falset,medina-de-las-torres,moeche,,torrelaguna,,,cheste
,cabra,sallent-de-gallego,,,,,,la-alberca,hijes,figaro,merida,mondariz,,torrelodones,,,chilches
,cabra-del-santo-cristo,san-agustin,,,,,,la-baneza,honrubia,figueres,miajadas,mondonedo,,torres-de-la-alameda,,,chiva
,cadiar,san-mateo-de-gallego,,,,,,la-cuesta,horcajo-de-santiago,flix,mirandilla,monfero,,vaciamadrid,,,cocentaina
,cadiz,santa-eulalia,,,,,,la-fuente-de-san-esteban,horche,fonollosa,monesterio,monforte-de-lemos,,valdeavero,,,corbera
,cajar,sarinena,,,,,,laguna-de-duero,huerta-de-valdecarabanos,fornells-de-la-selva,montanchez,montederramo,,valdemorillo,,,cox
,calanas,sarrion,,,,,,laguna-de-negrillos,huete,gandesa,montehermoso,monterroso,,valdemoro,,,crevillente
,camas,sastago,,,,,,la-lastrilla,humanes,gava,montemolin,morana,,valdeolmos,,,cuevas-de-vinroma
,cambil,tamarit-de-llitera,,,,,,la-pedraja-de-portillo,illescas,gelida,monterrubio-de-la-serena,mos,,valdepielagos,,,cullera
,campillo-de-arenas,tarazona,,,,,,la-pesga,infantes,girona,montijo,mugardos,,valdetorres-de-jarama,,,daimus
,campillos,tardienta,,,,,,la-pola-de-gordon,iniesta,gironella,moraleja,mugia,,valdilecha,,,daya-nueva
,campotejar,tauste,,,,,,la-robla,jadraque,golmes,navaconcejo,muinos,,velilla-de-san-antonio,,,denia
,canada-rosal,teruel,,,,,,la-seca,la-alameda-de-la-sagra,granollers,navalmoral-de-la-mata,muros,,venturada,,,dolores
,canena,torres-de-berrellen,,,,,,las-navas-del-marques,la-alberca-de-zancara,gurb,navalvillar-de-pela,naron,,villa-del-prado,,,el-campello
,canete-de-las-torres,utebo,,,,,,ledesma,la-calzada-de-calatrava,hostalric,navas-del-madrono,navia-de-suarna,,villaconejos,,,elda
,canete-la-real,utrillas,,,,,,leon,la-gineta,igualada,nunomoral,negreira,,villalbilla,,,elx
,caniles,valderrobres,,,,,,lerma,la-puebla-de-almoradiel,juneda,oliva-de-la-frontera,nigran,,villamanta,,,enguera
,canillas-de-aceituno,villanueva-de-gallego,,,,,,linares-de-riofrio,la-puebla-de-montalban,la-bisbal-d-emporda,oliva-de-merida,nogueira-de-ramuin,,villanueva-de-la-canada,,,estivella
,canjayar,zaragoza,,,,,,llamas-de-la-ribera,la-pueblanueva,la-fuliola,orellana-la-vieja,o-barco-de-valdeorras,,villanueva-del-pardillo,,,faura
,cantillana,zuera,,,,,,lumbrales,la-roda,la-garriga,penalsordo,o-carballino,,villar-del-olmo,,,favara
,cantoria,,,,,,,macotera,la-solana,la-granada,peraleda-de-la-mata,o-grove,,villarejo-de-salvanes,,,finestrat
,carboneras,,,,,,,madrigal-de-las-altas-torres,la-torre-de-esteban-hambran,la-llagosta,pinofranqueado,oimbra,,villaviciosa-de-odon,,,foios
,carcabuey,,,,,,,mansilla-de-las-mulas,lagartera,la-pineda,piornal,oleiros,,zarzalejo,,,formentera-de-segura
,cardena,,,,,,,matallana-de-torio,landete,la-pobla-de-claramunt,plasencia,ordes,,,,,fortaleny
,carmona,,,,,,,matapozuelos,las-mesas,la-pobla-de-mafumet,puebla-de-alcocer,oroso,,,,,gandia
,carrion-de-los-cespedes,,,,,,,mayorga,las-pedroneras,la-roca-del-valles,puebla-de-la-calzada,ourense,,,,,gata-de-gorgos
,cartama,,,,,,,medina-del-campo,las-ventas-de-retamosa,la-secuita,puebla-de-obando,ourol,,,,,gavarda
,cartaya,,,,,,,medina-de-pomar,ledana,la-selva,puebla-de-sancho-perez,outeiro,,,,,genoves
,casabermeja,,,,,,,medina-de-rioseco,letur,la-seu-d-urgell,quintana-de-la-serena,outes,,,,,gilet
,casarabonela,,,,,,,melgar-de-fernamental,lezuza,l-ametlla-del-valles,ribera-del-fresno,padrenda,,,,,godella
,casares,,,,,,,miranda-de-ebro,lietor,l-ampolla,riolobos,padron,,,,,godelleta
,casariche,,,,,,,mojados,lillo,les-borges-del-camp,rosalejo,panton,,,,,granja-de-rocamora
,castellar-de-la-frontera,,,,,,,mombeltran,lominchar,les-planes-d-hostoles,salvaleon,paradela,,,,,groa-de-murviedro
,castilblanco-de-los-arroyos,,,,,,,montemayor-de-pililla,los-hinojosos,l-escala,salvatierra-de-los-barros,paramo,,,,,guadassuar
,castilleja-de-guzman,,,,,,,moraleja-del-vino,los-navalmorales,l-hospitalet-de-llobregat,santa-amalia,pereiro-de-aguiar,,,,,guardamar-del-segura
,castilleja-de-la-cuesta,,,,,,,morales-del-vino,los-navalucillos,linyola,santa-marta,petin,,,,,herbes
,castillejar,,,,,,,morales-de-toro,los-yebenes,llagostera,segura-de-leon,poboa-do-brollon,,,,,hondon-de-las-nieves
,castillo-de-locubin,,,,,,,nava-de-la-asuncion,madridejos,llanca,serradilla,poio,,,,,hondon-de-los-frailes
,castril,,,,,,,nava-del-rey,madrigueras,llefia,sierra-de-fuentes,ponteareas,,,,,ibi
,castro-del-rio,,,,,,,navalmanzano,magan,lleida,siruela,pontevedra,,,,,jacarilla
,cazorla,,,,,,,navalperal-de-pinares,mahora,llers,solana-de-los-barros,porrino,,,,,jalon
,cenes-de-la-vega,,,,,,,navaluenga,malagon,llica-d-amunt,talarrubias,portas,,,,,jerica
,chauchina,,,,,,,navas-de-oro,malpica,lloret-de-mar,talavera-la-real,puentes-de-garcia-rodriguez,,,,,jijona
,chiclana-de-la-frontera,,,,,,,olmedo,manzanares,malgrat-de-mar,talayuela,quiroga,,,,,la-font-de-la-figuera
,chiclana-de-segura,,,,,,,olvega,marchamalo,manlleu,tornavacas,rabade,,,,,l-alcora
,chilluevar,,,,,,,ona,mazarambroz,manresa,torre-de-miguel-sesmero,rairiz-de-veiga,,,,,l-alcudia
,chimeneas,,,,,,,onzonilla,mejorada,martorell,torrecillas-de-la-tiesa,redondela,,,,,l-alcudia-de-crespins
,chipiona,,,,,,,palacios-del-sil,membrilla,masdenverge,torrejoncillo,rianxo,,,,,l-alfas-del-pi
,chirivel,,,,,,,palazuelos-de-eresma,menasalbas,masquefa,torremocha,ribadavia,,,,,l-alqueria-de-la-comtessa
,chucena,,,,,,,palencia,mentrida,matadepera,torreorgaz,ribadeo,,,,,la-nucia
,churriana-de-la-vega,,,,,,,paredes-de-nava,miguel-esteban,mataro,trujillanos,ribadumia,,,,,la-pobla-de-vallbona
,cijuela,,,,,,,pedrajas-de-san-esteban,miguelturra,mediona,trujillo,ribeira,,,,,la-pobla-llarga
,coin,,,,,,,pedro-bernardo,minaya,miralcamp,usagre,rios,,,,,la-romana
,colmenar,,,,,,,penafiel,minglanilla,moia,valdecaballeros,riotorto,,,,,la-yesa
,colomera,,,,,,,penaranda-de-bracamonte,mira,molins-de-rei,valdefuentes,rodeiro,,,,,l-eliana
,comares,,,,,,,piedralaves,mocejon,mollerussa,valdetorres,rosal,,,,,llanera-de-ranes
,conil-de-la-frontera,,,,,,,ponferrada,molina-de-aragon,mollet-del-valles,valencia-de-alcantara,sada,,,,,llauri
,conquista,,,,,,,portillo,molinicos,monistrol-de-montserrat,valencia-del-ventoso,samos,,,,,lliria
,cordoba,,,,,,,pradoluengo,mondejar,montblanc,valle-de-la-serena,san-amaro,,,,,llombai
,coria-del-rio,,,,,,,puebla-de-sanabria,montealegre-del-castillo,montcada-i-reixac,valle-de-santa-ana,san-roman,,,,,llosa-de-ranes
,coripe,,,,,,,puente-de-domingo-florez,montiel,montgat,valverde-de-leganes,santa-comba,,,,,llutxent
,cortes-de-baza,,,,,,,quintana-del-castillo,mora,montmelo,valverde-de-merida,santa-marta-de-ortigueira,,,,,l-olleria
,cortes-de-la-frontera,,,,,,,quintanar-de-la-sierra,moral-de-calatrava,montornes-del-valles,valverde-del-fresno,santiago-de-compostela,,,,,loriguilla
,cuevas-bajas,,,,,,,quintanilla-de-onesimo,mota-del-cuervo,mont-roig-del-camp,villafranca-de-los-barros,sanxenxo,,,,,los-montesinos
,cuevas-de-san-marcos,,,,,,,riaza,motilla-del-palancar,navarcles,villagarcia-de-la-torre,sarreaus,,,,,lucena-del-cid
,cuevas-del-almanzora,,,,,,,riofrio-de-aliste,munera,navas,villagonzalo,sarria,,,,,macastre
,cuevas-del-becerro,,,,,,,roa,nambroca,nou-barris,villalba-de-los-barros,silleda,,,,,manises
,cuevas-del-campo,,,,,,,rueda,navahermosa,odena,villanueva-de-la-serena,sober,,,,,manuel
,cullar-vega,,,,,,,ruesga,navalcan,olesa-de-bonesvalls,villanueva-de-la-vera,sobrado,,,,,marines
,dalias,,,,,,,sabero,nerpio,olesa-de-montserrat,villanueva-del-fresno,somozas,,,,,masalaves
,darro,,,,,,,sahagun,noblejas,oliana,villar-de-rena,taboada,,,,,massamagrell
,deifontes,,,,,,,salamanca,numancia-de-la-sagra,olivella,villar-del-rey,taboadela,,,,,meliana
,dilar,,,,,,,salas-de-los-infantes,ocana,olost,zafra,teo,,,,,miramar
,dona-mencia,,,,,,,saldana,olias-del-rey,olot,zahinos,toen,,,,,mislata
,dos-hermanas,,,,,,,san-andres-del-rabanedo,ontigola,palafrugell,zalamea-de-la-serena,tomino,,,,,mogente
,dos-torres,,,,,,,san-cristobal-de-entrevinas,ontur,palamos,zarza-de-alange,touro,,,,,moncada
,durcal,,,,,,,san-cristobal-de-segovia,orgaz,palleja,zarza-de-granadilla,trabada,,,,,moncofar
,ecija,,,,,,,san-esteban-de-gormaz,oropesa,pals,zarza-la-mayor,trasmiras,,,,,monforte-del-cid
,el-arahal,,,,,,,san-ildefonso,ossa-de-montiel,parets-del-valles,zorita,trazo,,,,,monovar
,el-bosque,,,,,,,san-justo-de-la-vega,pantoja,piera,,tui,,,,,monserrat
,el-carpio,,,,,,,san-leonardo-de-yague,paredes-de-siguenza,pineda-de-mar,,valdovino,,,,,montaberner
,el-castillo-de-las-guardas,,,,,,,santa-cristina-de-la-polvorosa,pastrana,polinya,,valga,,,,,montesa
,el-cerro-de-andevalo,,,,,,,santa-elena-de-jamuz,pedro-munoz,ponts,,vedra,,,,,montroy
,el-coronil,,,,,,,santa-maria-de-huerta,penas-de-san-pedro,portbou,,verea,,,,,moraira
,el-ejido,,,,,,,santa-maria-del-paramo,piedrabuena,premia-de-mar,,verin,,,,,morella
,el-gastor,,,,,,,santa-maria-la-real-de-nieva,polan,puigcerda,,vigo,,,,,muchamiel
,el-puerto-de-santa-maria,,,,,,,santa-marina-del-rey,portillo-de-toledo,quart-d-onyar,,vilagarcia-de-arousa,,,,,muro-del-alcoy
,el-ronquillo,,,,,,,santa-marta-de-tormes,porzuna,reus,,vilalba,,,,,museros
,el-rubio,,,,,,,santibanez-de-la-pena,pozo-canada,ribes-de-freser,,vilanova-de-arousa,,,,,naquera
,el-saucejo,,,,,,,santibanez-de-vidriales,pozohondo,ripoll,,vilasantar,,,,,navarres
,el-varadero,,,,,,,santovenia-de-pisuerga,pozuelo-de-calatrava,ripollet,,viveiro,,,,,novelda
,el-viso,,,,,,,sariegos,priego,riudecols,,xinzo-de-limia,,,,,nules
,el-viso-del-alcor,,,,,,,sasamon,puebla-de-don-rodrigo,riudellots-de-la-selva,,,,,,,oliva
,encinas-reales,,,,,,,segovia,puerto-lapice,riudoms,,,,,,,olocau
,escacena-del-campo,,,,,,,sepulveda,puertollano,roda-de-bara,,,,,,,olocau-del-rey
,espartinas,,,,,,,serrada,pulgar,roses,,,,,,,onda
,espejo,,,,,,,simancas,quer,rubi,,,,,,,ondara
,espera,,,,,,,solosancho,quero,sabadell,,,,,,,onil
,espiel,,,,,,,soria,quintanar-de-la-orden,sallent,,,,,,,ontinyent
,estacion-de-cartama,,,,,,,sotillo-de-la-adrada,quintanar-del-rey,salou,,,,,,,orba
,estepa,,,,,,,soto-de-la-vega,quismondo,salt,,,,,,,orcheta
,estepona,,,,,,,terradillos,recas,sant-adria-de-besos,,,,,,,orihuela
,fernan-nunez,,,,,,,tordesillas,retuerta-de-bullaque,sant-andreu-de-la-barca,,,,,,,orpesa/oropesa-del-mar
,finana,,,,,,,toreno,riopar,sant-andreu-de-llavaneres,,,,,,,paiporta
,fines,,,,,,,toro,romanillos-de-atienza,sant-boi-de-llobregat,,,,,,,palma-de-gandia
,fonelas,,,,,,,torquemada,sacedon,sant-carles-de-la-rapita,,,,,,,paterna
,frailes,,,,,,,torre-del-bierzo,san-carlos-del-valle,sant-celoni,,,,,,,pedralba
,freila,,,,,,,trespaderne,san-clemente,sant-cristofol-de-les-fonts,,,,,,,pedreguer
,frigiliana,,,,,,,tudela-de-duero,san-lorenzo-de-la-parrilla,sant-cugat-del-valles,,,,,,,pego
,fuengirola,,,,,,,turcia,san-pedro,sant-feliu-de-guixols,,,,,,,peniscola
,fuensanta-de-martos,,,,,,,turegano,santa-cruz-de-la-zarza,sant-feliu-de-llobregat,,,,,,,picanya
,fuente-de-piedra,,,,,,,valdefresno,santa-cruz-de-mudela,sant-joan-de-les-abadesses,,,,,,,picassent
,fuente-obejuna,,,,,,,valdepolo,santa-cruz-del-retamar,sant-joan-de-mediona,,,,,,,pilar-de-la-horadada
,fuente-palmera,,,,,,,valderas,santa-olalla,sant-joan-de-vilatorrada,,,,,,,piles
,fuentes-de-andalucia,,,,,,,valderrueda,segurilla,sant-joan-despi,,,,,,,pinoso
,fuente-vaqueros,,,,,,,valdestillas,sesena,sant-joan-les-fonts,,,,,,,polinya-de-xuquer
,fuerte-del-rey,,,,,,,valdevimbre,siguenza,sant-julia-de-cerdanyola,,,,,,,polop
,gador,,,,,,,valencia-de-don-juan,sisante,sant-just-desvern,,,,,,,pucol
,galera,,,,,,,valladolid,socovos,sant-marti,,,,,,,puebla-de-san-miguel
,garrucha,,,,,,,valverde-de-la-virgen,socuellamos,sant-pere-de-ribes,,,,,,,puig
,gaucin,,,,,,,vega-de-espinareda,somolinos,sant-pere-de-riudebitlles,,,,,,,quart-de-les-valls
,gelves,,,,,,,velilla-del-rio-carrion,sonseca,sant-quirze-del-valles,,,,,,,quart-de-poblet
,gerena,,,,,,,venta-de-banos,tarancon,sant-sadurni-d-anoia,,,,,,,quartell
,gergal,,,,,,,viana-de-cega,tarazona-de-la-mancha,sant-vicenc-dels-horts,,,,,,,quatretonda
,gibraleon,,,,,,,villablino,tembleque,santa-barbara,,,,,,,rafal
,gilena,,,,,,,villabragima,terrinches,santa-coloma-de-cervello,,,,,,,rafelcofer
,gines,,,,,,,villacastin,tobarra,santa-coloma-de-farners,,,,,,,rafelguaraf
,gojar,,,,,,,villada,toledo,santa-coloma-de-gramenet,,,,,,,real-de-gandia
,gor,,,,,,,villadangos-del-paramo,tomelloso,santa-eugenia-de-berga,,,,,,,real-de-montroi
,granada,,,,,,,villadecanes,tordesilos,santa-eulalia-de-roncana,,,,,,,redovan
,grazalema,,,,,,,villadiego,torralba-de-calatrava,santa-maria-de-corco,,,,,,,requena
,guadahortuna,,,,,,,villafranca-del-bierzo,torre-de-juan-abad,santa-maria-de-palautordera,,,,,,,ribarroja
,guadalcazar,,,,,,,villagonzalo-pedernales,torrejon-del-rey,santa-maria-d-olo,,,,,,,ribesalbes
,guadix,,,,,,,villalon-de-campos,torrenueva,santa-oliva,,,,,,,riola
,gualchos,,,,,,,villalpando,torrijos,santa-pau,,,,,,,rocafort
,guaro,,,,,,,villamanan,trijueque,santa-perpetua-de-mogoda,,,,,,,rojales
,guarroman,,,,,,,villamanin,trillo,santa-susanna,,,,,,,rosell
,guejar-sierra,,,,,,,villamayor,uceda,sarria-de-ter,,,,,,,rotgla-y-corbera
,guevejar,,,,,,,villamuriel-de-cerrato,ugena,sentmenat,,,,,,,rotova
,guillena,,,,,,,villanubla,urda,seros,,,,,,,sagunto
,herrera,,,,,,,villanueva-de-duero,valdeganga,seva,,,,,,,salinas
,higuera-de-arjona,,,,,,,villanueva-del-campo,valdelcubo,sils,,,,,,,san-juan-de-alicante
,hinojos,,,,,,,villaquejida,valdepenas,sitges,,,,,,,san-juan-de-moro
,hinojosa-del-duque,,,,,,,villaquilambre,valmojado,solsona,,,,,,,san-miguel-de-salinas
,hornachuelos,,,,,,,villaralbo,valsalobre,sort,,,,,,,santa-pola
,huelma,,,,,,,villarejo-de-orbigo,valverde-de-jucar,soses,,,,,,,san-vicent-del-raspeig
,huelva,,,,,,,villares-de-la-reina,velada,subirats,,,,,,,sax
,hueneja,,,,,,,villarino-de-los-aires,ventas-con-pena-aguilera,suria,,,,,,,sedavi
,huercal-de-almeria,,,,,,,villasabariego,villa-de-don-fadrique,taradell,,,,,,,segorbe
,huercal-overa,,,,,,,villasana-de-mena,villacanas,tarragona,,,,,,,senyera
,huesa,,,,,,,villaturiel,villafranca-de-los-caballeros,tarrega,,,,,,,serra
,huescar,,,,,,,villavieja-de-yeltes,villahermosa,teia,,,,,,,sierra-engarceran
,huetor-santillan,,,,,,,villoria,villalpardo,termens,,,,,,,siete-aguas
,huetor-tajar,,,,,,,vinuesa,villamalea,terrassa,,,,,,,silla
,huetor-vega,,,,,,,vitigudino,villamanrique,tiana,,,,,,,simat-de-la-valldigna
,humilladero,,,,,,,zamora,villamayor-de-santiago,toloriu,,,,,,,sinarcas
,ibros,,,,,,,zaratan,villanueva-de-alcardete,tona,,,,,,,sollana
,igualeja,,,,,,,,villanueva-de-la-fuente,tora-de-riubregos,,,,,,,soneja
,illora,,,,,,,,villanueva-de-la-jara,tordera,,,,,,,sueca
,isla-cristina,,,,,,,,villanueva-de-la-torre,torello,,,,,,,sumacarcer
,istan,,,,,,,,villar-de-olalla,torredembarra,,,,,,,tavernes-blanques
,itrabo,,,,,,,,villarrobledo,torrefarrera,,,,,,,tavernes-de-la-valldigna
,iznajar,,,,,,,,villarrubia-de-los-ojos,torrelles-de-llobregat,,,,,,,teulada
,iznalloz,,,,,,,,villarrubia-de-santiago,torrent,,,,,,,tibi
,iznatoraf,,,,,,,,villarta-de-san-juan,torres-de-segre,,,,,,,torreblanca
,jabalquinto,,,,,,,,villaseca-de-la-sagra,torroella-de-montgri,,,,,,,torrent
,jaen,,,,,,,,villasequilla-de-yepes,tortosa,,,,,,,torrevieja
,jamilena,,,,,,,,villatobas,tossa-de-mar,,,,,,,tous
,jayena,,,,,,,,villatoya,tremp,,,,,,,traiguera
,jeres-del-marquesado,,,,,,,,viso-del-marques,ullastrell,,,,,,,tuejar
,jerez-de-la-frontera,,,,,,,,yeles,ulldecona,,,,,,,turis
,jimena,,,,,,,,yepes,vallfogona-de-balaguer,,,,,,,utiel
,jimena-de-la-frontera,,,,,,,,yeste,vallgorguina,,,,,,,valencia
,jodar,,,,,,,,yuncler,vallirana,,,,,,,vallada
,la-algaba,,,,,,,,yuncos,vallmoll,,,,,,,venta-del-moro
,la-campana,,,,,,,,yunquera-de-henares,valls,,,,,,,vergel
,la-carlota,,,,,,,,zafrilla,verdu,,,,,,,vilamarxant
,la-carolina,,,,,,,,,verges,,,,,,,vila-real
,lachar,,,,,,,,,vic,,,,,,,villafames
,la-guardia-de-jaen,,,,,,,,,vielha,,,,,,,villafranca-del-cid
,la-iruela,,,,,,,,,vilablareix,,,,,,,villajoyosa
,la-lantejuela,,,,,,,,,viladecans,,,,,,,villalonga
,la-linea-de-la-concepcion,,,,,,,,,viladrau,,,,,,,villanueva-de-castellon
,la-luisiana,,,,,,,,,vilafant,,,,,,,villar-del-arzobispo
,la-mojonera,,,,,,,,,vilafranca-del-penedes,,,,,,,villavieja
,lanjaron,,,,,,,,,vilajuiga,,,,,,,villena
,la-palma-del-condado,,,,,,,,,vilanova-de-bellpuig,,,,,,,vinalesa
,la-puebla-de-cazalla,,,,,,,,,vilanova-del-cami,,,,,,,vinaros
,la-puebla-de-los-infantes,,,,,,,,,vilanova-i-la-geltru,,,,,,,viver
,la-puebla-del-rio,,,,,,,,,vilaseca,,,,,,,xabia
,la-puerta-de-segura,,,,,,,,,vila-seca,,,,,,,xativa
,la-rambla,,,,,,,,,vilassar-de-mar,,,,,,,xeracojaraco
,la-rinconada,,,,,,,,,vimbodi,,,,,,,xeresa
,la-roda-de-andalucia,,,,,,,,,,,,,,,,xirivella
,las-cabezas-de-san-juan,,,,,,,,,,,,,,,,yatova
,las-gabias,,,,,,,,,,,,,,,,zorita-del-maestrazgo
,laujar-de-andarax,,,,,,,,,,,,,,,,
,la-victoria,,,,,,,,,,,,,,,,
,lebrija,,,,,,,,,,,,,,,,
,lepe,,,,,,,,,,,,,,,,
,linares,,,,,,,,,,,,,,,,
,loja,,,,,,,,,,,,,,,,
,lopera,,,,,,,,,,,,,,,,
,lora-del-rio,,,,,,,,,,,,,,,,
,los-barrios,,,,,,,,,,,,,,,,
,los-corrales,,,,,,,,,,,,,,,,
,los-molares,,,,,,,,,,,,,,,,
,los-palacios-y-villafranca,,,,,,,,,,,,,,,,
,lubrin,,,,,,,,,,,,,,,,
,lucena,,,,,,,,,,,,,,,,
,lucena-del-puerto,,,,,,,,,,,,,,,,
,lupion,,,,,,,,,,,,,,,,
,luque,,,,,,,,,,,,,,,,
,macael,,,,,,,,,,,,,,,,
,mairena-del-alcor,,,,,,,,,,,,,,,,
,mairena-del-aljarafe,,,,,,,,,,,,,,,,
,malaga,,,,,,,,,,,,,,,,
,mancha-real,,,,,,,,,,,,,,,,
,manilva,,,,,,,,,,,,,,,,
,manzanilla,,,,,,,,,,,,,,,,
,maracena,,,,,,,,,,,,,,,,
,marbella,,,,,,,,,,,,,,,,
,marchena,,,,,,,,,,,,,,,,
,maria,,,,,,,,,,,,,,,,
,marinaleda,,,,,,,,,,,,,,,,
,marmolejo,,,,,,,,,,,,,,,,
,martin-de-la-jara,,,,,,,,,,,,,,,,
,martos,,,,,,,,,,,,,,,,
,medina-sidonia,,,,,,,,,,,,,,,,
,mengibar,,,,,,,,,,,,,,,,
,mijas,,,,,,,,,,,,,,,,
,moclin,,,,,,,,,,,,,,,,
,moclinejo,,,,,,,,,,,,,,,,
,moguer,,,,,,,,,,,,,,,,
,mojacar,,,,,,,,,,,,,,,,
,mollina,,,,,,,,,,,,,,,,
,molvizar,,,,,,,,,,,,,,,,
,monachil,,,,,,,,,,,,,,,,
,monda,,,,,,,,,,,,,,,,
,montalban-de-cordoba,,,,,,,,,,,,,,,,
,montefrio,,,,,,,,,,,,,,,,
,montejicar,,,,,,,,,,,,,,,,
,montellano,,,,,,,,,,,,,,,,
,montemayor,,,,,,,,,,,,,,,,
,montilla,,,,,,,,,,,,,,,,
,montillana,,,,,,,,,,,,,,,,
,montizon,,,,,,,,,,,,,,,,
,montoro,,,,,,,,,,,,,,,,
,monturque,,,,,,,,,,,,,,,,
,moraleda-de-zafayona,,,,,,,,,,,,,,,,
,moron-de-la-frontera,,,,,,,,,,,,,,,,
,motril,,,,,,,,,,,,,,,,
,nerja,,,,,,,,,,,,,,,,
,nerva,,,,,,,,,,,,,,,,
,niebla,,,,,,,,,,,,,,,,
,nijar,,,,,,,,,,,,,,,,
,noalejo,,,,,,,,,,,,,,,,
,nueva-carteya,,,,,,,,,,,,,,,,
,obejo,,,,,,,,,,,,,,,,
,ogijares,,,,,,,,,,,,,,,,
,ojen,,,,,,,,,,,,,,,,
,olivares,,,,,,,,,,,,,,,,
,olula-del-rio,,,,,,,,,,,,,,,,
,olvera,,,,,,,,,,,,,,,,
,orce,,,,,,,,,,,,,,,,
,orcera,,,,,,,,,,,,,,,,
,oria,,,,,,,,,,,,,,,,
,orjiva,,,,,,,,,,,,,,,,
,osuna,,,,,,,,,,,,,,,,
,otivar,,,,,,,,,,,,,,,,
,otura,,,,,,,,,,,,,,,,
,padul,,,,,,,,,,,,,,,,
,palenciana,,,,,,,,,,,,,,,,
,palma-del-rio,,,,,,,,,,,,,,,,
,palomares-del-rio,,,,,,,,,,,,,,,,
,palos-de-la-frontera,,,,,,,,,,,,,,,,
,paradas,,,,,,,,,,,,,,,,
,paterna-de-rivera,,,,,,,,,,,,,,,,
,paterna-del-campo,,,,,,,,,,,,,,,,
,paymogo,,,,,,,,,,,,,,,,
,peal-de-becerro,,,,,,,,,,,,,,,,
,pedrera,,,,,,,,,,,,,,,,
,pedro-abad,,,,,,,,,,,,,,,,
,pedroche,,,,,,,,,,,,,,,,
,pedro-martinez,,,,,,,,,,,,,,,,
,pegalajar,,,,,,,,,,,,,,,,
,peligros,,,,,,,,,,,,,,,,
,penaflor,,,,,,,,,,,,,,,,
,penarroya-pueblonuevo,,,,,,,,,,,,,,,,
,periana,,,,,,,,,,,,,,,,
,pilas,,,,,,,,,,,,,,,,
,pinar,,,,,,,,,,,,,,,,
,pinos-genil,,,,,,,,,,,,,,,,
,pinos-puente,,,,,,,,,,,,,,,,
,pizarra,,,,,,,,,,,,,,,,
,polopos,,,,,,,,,,,,,,,,
,porcuna,,,,,,,,,,,,,,,,
,posadas,,,,,,,,,,,,,,,,
,pozo-alcon,,,,,,,,,,,,,,,,
,pozoblanco,,,,,,,,,,,,,,,,
,prado-del-rey,,,,,,,,,,,,,,,,
,priego-de-cordoba,,,,,,,,,,,,,,,,
,pruna,,,,,,,,,,,,,,,,
,puebla-de-guzman,,,,,,,,,,,,,,,,
,puente-de-genave,,,,,,,,,,,,,,,,
,puente-genil,,,,,,,,,,,,,,,,
,puerto-real,,,,,,,,,,,,,,,,
,puerto-serrano,,,,,,,,,,,,,,,,
,pulianas,,,,,,,,,,,,,,,,
,pulpi,,,,,,,,,,,,,,,,
,punta-umbria,,,,,,,,,,,,,,,,
,purchena,,,,,,,,,,,,,,,,
,purullena,,,,,,,,,,,,,,,,
,quentar,,,,,,,,,,,,,,,,
,quesada,,,,,,,,,,,,,,,,
,retamar,,,,,,,,,,,,,,,,
,rincon-de-la-victoria,,,,,,,,,,,,,,,,
,riogordo,,,,,,,,,,,,,,,,
,rioja,,,,,,,,,,,,,,,,
,ronda,,,,,,,,,,,,,,,,
,roquetas-de-mar,,,,,,,,,,,,,,,,
,rota,,,,,,,,,,,,,,,,
,rus,,,,,,,,,,,,,,,,
,rute,,,,,,,,,,,,,,,,
,sabiote,,,,,,,,,,,,,,,,
,salar,,,,,,,,,,,,,,,,
,salobrena,,,,,,,,,,,,,,,,
,salteras,,,,,,,,,,,,,,,,
,san-bartolome-de-la-torre,,,,,,,,,,,,,,,,
,san-fernando,,,,,,,,,,,,,,,,
,san-juan-de-aznalfarache,,,,,,,,,,,,,,,,
,san-juan-del-puerto,,,,,,,,,,,,,,,,
,sanlucar-de-barrameda,,,,,,,,,,,,,,,,
,sanlucar-la-mayor,,,,,,,,,,,,,,,,
,san-roque,,,,,,,,,,,,,,,,
,santaella,,,,,,,,,,,,,,,,
,santa-eufemia,,,,,,,,,,,,,,,,
,santiponce,,,,,,,,,,,,,,,,
,santisteban-del-puerto,,,,,,,,,,,,,,,,
,santo-tome,,,,,,,,,,,,,,,,
,sayalonga,,,,,,,,,,,,,,,,
,segura-de-la-sierra,,,,,,,,,,,,,,,,
,seron,,,,,,,,,,,,,,,,
,setenil-de-las-bodegas,,,,,,,,,,,,,,,,
,sevilla,,,,,,,,,,,,,,,,
,sierra-de-yeguas,,,,,,,,,,,,,,,,
,sorbas,,,,,,,,,,,,,,,,
,sorihuela-del-guadalimar,,,,,,,,,,,,,,,,
,tabernas,,,,,,,,,,,,,,,,
,tarifa,,,,,,,,,,,,,,,,
,teba,,,,,,,,,,,,,,,,
,tijola,,,,,,,,,,,,,,,,
,tocina,,,,,,,,,,,,,,,,
,tolox,,,,,,,,,,,,,,,,
,tomares,,,,,,,,,,,,,,,,
,torreblascopedro,,,,,,,,,,,,,,,,
,torrecampo,,,,,,,,,,,,,,,,
,torre-cardela,,,,,,,,,,,,,,,,
,torre-del-campo,,,,,,,,,,,,,,,,
,torredonjimeno,,,,,,,,,,,,,,,,
,torremolinos,,,,,,,,,,,,,,,,
,torreperogil,,,,,,,,,,,,,,,,
,torres,,,,,,,,,,,,,,,,
,torrox,,,,,,,,,,,,,,,,
,trebujena,,,,,,,,,,,,,,,,
,trigueros,,,,,,,,,,,,,,,,
,turre,,,,,,,,,,,,,,,,
,ubeda,,,,,,,,,,,,,,,,
,ubrique,,,,,,,,,,,,,,,,
,ugijar,,,,,,,,,,,,,,,,
,umbrete,,,,,,,,,,,,,,,,
,utrera,,,,,,,,,,,,,,,,
,valdepenas-de-jaen,,,,,,,,,,,,,,,,
,valdes,,,,,,,,,,,,,,,,
,valencina-de-la-concepcion,,,,,,,,,,,,,,,,
,valenzuela,,,,,,,,,,,,,,,,
,valverde-del-camino,,,,,,,,,,,,,,,,
,vejer-de-la-frontera,,,,,,,,,,,,,,,,
,velez-blanco,,,,,,,,,,,,,,,,
,velez-de-benaudalla,,,,,,,,,,,,,,,,
,velez-malaga,,,,,,,,,,,,,,,,
,velez-rubio,,,,,,,,,,,,,,,,
,vera,,,,,,,,,,,,,,,,
,viator,,,,,,,,,,,,,,,,
,vicar,,,,,,,,,,,,,,,,
,vilches,,,,,,,,,,,,,,,,
,villablanca,,,,,,,,,,,,,,,,
,villacarrillo,,,,,,,,,,,,,,,,
,villa-del-rio,,,,,,,,,,,,,,,,
,villafranca-de-cordoba,,,,,,,,,,,,,,,,
,villalba-del-alcor,,,,,,,,,,,,,,,,
,villamanrique-de-la-condesa,,,,,,,,,,,,,,,,
,villamartin,,,,,,,,,,,,,,,,
,villanueva-de-algaidas,,,,,,,,,,,,,,,,
,villanueva-de-cordoba,,,,,,,,,,,,,,,,
,villanueva-de-la-reina,,,,,,,,,,,,,,,,
,villanueva-de-san-juan,,,,,,,,,,,,,,,,
,villanueva-de-tapia,,,,,,,,,,,,,,,,
,villanueva-del-ariscal,,,,,,,,,,,,,,,,
,villanueva-del-arzobispo,,,,,,,,,,,,,,,,
,villanueva-del-duque,,,,,,,,,,,,,,,,
,villanueva-del-rio-y-minas,,,,,,,,,,,,,,,,
,villanueva-del-rosario,,,,,,,,,,,,,,,,
,villanueva-del-trabuco,,,,,,,,,,,,,,,,
,villaralto,,,,,,,,,,,,,,,,
,villardompardo,,,,,,,,,,,,,,,,
,villarrasa,,,,,,,,,,,,,,,,
,villarrubia,,,,,,,,,,,,,,,,
,villaverde-del-rio,,,,,,,,,,,,,,,,
,villaviciosa-de-cordoba,,,,,,,,,,,,,,,,
,vinuela,,,,,,,,,,,,,,,,
,yunquera,,,,,,,,,,,,,,,,
,zafarraya,,,,,,,,,,,,,,,,
,zagra,,,,,,,,,,,,,,,,
,zahara,,,,,,,,,,,,,,,,
,zahara-de-los-atunes,,,,,,,,,,,,,,,,
,zalamea-la-real,,,,,,,,,,,,,,,,
,zubia,,,,,,,,,,,,,,,,
,zujar,,,,,,,,,,,,,,,,
,zurgena,,,,,,,,,,,,,,,,
